"source_id","period","geography","vehicle_type","powertrain","sales","unit","period_type","metric","estimate_status","coverage_status","observation_level","preferred_for_projection","notes","source_grade","source_type","publisher","tesla_scope","powertrain_canonical","market_scope","row_quality","uncertainty_band_percent","lower_sales","upper_sales","projection_caveat"
"fcai_2016_full","2016","Australia","heavy_commercial","total",32904,"vehicles","annual_sales","new_vehicle_sales","derived","source_reported_period","vehicle_type_total",TRUE,"Residual after passenger, SUV, and derived light-commercial totals.","A","official_media_release","Federal Chamber of Automotive Industries","unknown_or_mixed","total","heavy_commercial_only","derived_from_public_percent_or_residual",8,30272,35536,""
"fcai_2016_full","2016","Australia","light_commercial","total",217955,"vehicles","annual_sales","new_vehicle_sales","derived","source_reported_period","vehicle_type_total",TRUE,"FCAI reports 2016 light commercial vehicles held 18.5 percent of the market.","A","official_media_release","Federal Chamber of Automotive Industries","unknown_or_mixed","total","light_vehicle","derived_from_public_percent_or_residual",8,200519,235391,""
"goauto_2016_full","2016","Australia","passenger","ICE_diesel",20482,"vehicles","annual_sales","new_vehicle_sales","observed","source_reported_period","vehicle_type_powertrain",TRUE,"GoAuto reports diesel passenger-car sales fell to this value in 2016.","B","media_vfacts_quote","GoAuto","unknown_or_mixed","ICE_diesel","light_vehicle","direct_media_vfacts_quote",2,20072,20892,""
"goauto_2016_full","2016","Australia","passenger","total",486257,"vehicles","annual_sales","new_vehicle_sales","observed","source_reported_period","vehicle_type_total",TRUE,"GoAuto reports 2016 passenger-car sales from VFACTS.","B","media_vfacts_quote","GoAuto","unknown_or_mixed","total","light_vehicle","direct_media_vfacts_quote",2,476532,495982,""
"goauto_2016_full","2016","Australia","SUV","total",441017,"vehicles","annual_sales","new_vehicle_sales","observed","source_reported_period","vehicle_type_total",TRUE,"GoAuto reports 2016 SUV sales from VFACTS.","B","media_vfacts_quote","GoAuto","unknown_or_mixed","total","light_vehicle","direct_media_vfacts_quote",2,432197,449837,""
"wiki_pev_au","2016","Australia","total","BEV_or_PHEV",1369,"vehicles","annual_sales","new_vehicle_sales","observed","source_reported_period","powertrain_total",TRUE,"Tertiary compilation; backfill original source.","C","tertiary_compilation","Wikipedia","unknown_or_mixed","BEV_or_PHEV","all_new_vehicles","tertiary_compilation",20,1095,1643,"combined plug-in bucket; do not sum with separate BEV/PHEV rows"
"goauto_2016_full","2016","Australia","total","BEV_or_PHEV_excl_Tesla",282,"vehicles","annual_sales","new_vehicle_sales","observed","source_reported_period","powertrain_total",TRUE,"GoAuto reports 282 electric vehicles, mainly plug-in hybrids, sold in 2016; Tesla treatment unclear.","B","media_vfacts_quote","GoAuto","excludes_tesla","BEV_or_PHEV","all_new_vehicles","direct_media_vfacts_quote",2,276,288,"excludes Tesla; not directly comparable with later all-brand BEV totals"
"fcai_2016_full","2016","Australia","total","total",1178133,"vehicles","annual_sales","new_vehicle_sales","observed","source_reported_period","market_total",TRUE,"FCAI reports 2016 VFACTS total new vehicle sales.","A","official_media_release","Federal Chamber of Automotive Industries","unknown_or_mixed","total","all_new_vehicles","direct_official_or_primary",1,1166352,1189914,""
"goauto_kpmg_2018_industry","2017","Australia","heavy_commercial","total",36849,"vehicles","annual_sales","new_vehicle_sales","observed","source_reported_period","vehicle_type_total",TRUE,"Vehicle class total.","B","industry_analysis_vfacts_quote","GoAuto Premium","unknown_or_mixed","total","heavy_commercial_only","direct_media_vfacts_quote",2,36112,37586,""
"goauto_kpmg_2018_industry","2017","Australia","light_commercial","total",236609,"vehicles","annual_sales","new_vehicle_sales","observed","source_reported_period","vehicle_type_total",TRUE,"Vehicle class total.","B","industry_analysis_vfacts_quote","GoAuto Premium","unknown_or_mixed","total","light_vehicle","direct_media_vfacts_quote",2,231877,241341,""
"goauto_kpmg_2018_industry","2017","Australia","passenger","BEV",512,"vehicles","annual_sales","new_vehicle_sales","observed","source_reported_period","vehicle_type_powertrain",TRUE,"Passenger fuel split from VFACTS table; Tesla treatment depends on VFACTS reporting.","B","industry_analysis_vfacts_quote","GoAuto Premium","unknown_or_mixed","BEV","light_vehicle","direct_media_vfacts_quote",2,502,522,""
"goauto_kpmg_2018_industry","2017","Australia","passenger","HEV",9793,"vehicles","annual_sales","new_vehicle_sales","observed","source_reported_period","vehicle_type_powertrain",TRUE,"Passenger fuel split from VFACTS table.","B","industry_analysis_vfacts_quote","GoAuto Premium","unknown_or_mixed","HEV","light_vehicle","direct_media_vfacts_quote",2,9597,9989,""
"goauto_kpmg_2018_industry","2017","Australia","passenger","ICE_diesel",18189,"vehicles","annual_sales","new_vehicle_sales","observed","source_reported_period","vehicle_type_powertrain",TRUE,"Passenger fuel split from VFACTS table.","B","industry_analysis_vfacts_quote","GoAuto Premium","unknown_or_mixed","ICE_diesel","light_vehicle","direct_media_vfacts_quote",2,17825,18553,""
"goauto_kpmg_2018_industry","2017","Australia","passenger","ICE_petrol",421454,"vehicles","annual_sales","new_vehicle_sales","observed","source_reported_period","vehicle_type_powertrain",TRUE,"Passenger fuel split from VFACTS table.","B","industry_analysis_vfacts_quote","GoAuto Premium","unknown_or_mixed","ICE_petrol","light_vehicle","direct_media_vfacts_quote",2,413025,429883,""
"goauto_kpmg_2018_industry","2017","Australia","passenger","LPG",1,"vehicles","annual_sales","new_vehicle_sales","observed","source_reported_period","vehicle_type_powertrain",TRUE,"Passenger fuel split from VFACTS table.","B","industry_analysis_vfacts_quote","GoAuto Premium","unknown_or_mixed","LPG","light_vehicle","direct_media_vfacts_quote",2,1,1,""
"goauto_kpmg_2018_industry","2017","Australia","passenger","total",449949,"vehicles","annual_sales","new_vehicle_sales","observed","source_reported_period","vehicle_type_total",TRUE,"Vehicle class total.","B","industry_analysis_vfacts_quote","GoAuto Premium","unknown_or_mixed","total","light_vehicle","direct_media_vfacts_quote",2,440950,458948,""
"goauto_kpmg_2018_industry","2017","Australia","SUV","BEV",611,"vehicles","annual_sales","new_vehicle_sales","observed","source_reported_period","vehicle_type_powertrain",TRUE,"SUV fuel split from VFACTS table; Tesla treatment depends on VFACTS reporting.","B","industry_analysis_vfacts_quote","GoAuto Premium","unknown_or_mixed","BEV","light_vehicle","direct_media_vfacts_quote",2,599,623,""
"goauto_kpmg_2018_industry","2017","Australia","SUV","HEV",1416,"vehicles","annual_sales","new_vehicle_sales","observed","source_reported_period","vehicle_type_powertrain",TRUE,"SUV fuel split from VFACTS table.","B","industry_analysis_vfacts_quote","GoAuto Premium","unknown_or_mixed","HEV","light_vehicle","direct_media_vfacts_quote",2,1388,1444,""
"goauto_kpmg_2018_industry","2017","Australia","SUV","ICE_diesel",141276,"vehicles","annual_sales","new_vehicle_sales","observed","source_reported_period","vehicle_type_powertrain",TRUE,"SUV fuel split from VFACTS table.","B","industry_analysis_vfacts_quote","GoAuto Premium","unknown_or_mixed","ICE_diesel","light_vehicle","direct_media_vfacts_quote",2,138450,144102,""
"goauto_kpmg_2018_industry","2017","Australia","SUV","ICE_petrol",322406,"vehicles","annual_sales","new_vehicle_sales","observed","source_reported_period","vehicle_type_powertrain",TRUE,"SUV fuel split from VFACTS table.","B","industry_analysis_vfacts_quote","GoAuto Premium","unknown_or_mixed","ICE_petrol","light_vehicle","direct_media_vfacts_quote",2,315958,328854,""
"goauto_kpmg_2018_industry","2017","Australia","SUV","total",465709,"vehicles","annual_sales","new_vehicle_sales","observed","source_reported_period","vehicle_type_total",TRUE,"Vehicle class total.","B","industry_analysis_vfacts_quote","GoAuto Premium","unknown_or_mixed","total","light_vehicle","direct_media_vfacts_quote",2,456395,475023,""
"wiki_pev_au","2017","Australia","total","BEV_or_PHEV",2287,"vehicles","annual_sales","new_vehicle_sales","observed","source_reported_period","powertrain_total",TRUE,"Tertiary compilation; backfill original source.","C","tertiary_compilation","Wikipedia","unknown_or_mixed","BEV_or_PHEV","all_new_vehicles","tertiary_compilation",20,1830,2744,"combined plug-in bucket; do not sum with separate BEV/PHEV rows"
"goauto_kpmg_2018_industry","2017","Australia","total","total",1189116,"vehicles","annual_sales","new_vehicle_sales","observed","source_reported_period","market_total",TRUE,"GoAuto/KPMG table reports VFACTS total market.","B","industry_analysis_vfacts_quote","GoAuto Premium","unknown_or_mixed","total","all_new_vehicles","direct_media_vfacts_quote",2,1165334,1212898,""
"goauto_kpmg_2018_industry","2018","Australia","heavy_commercial","total",41426,"vehicles","annual_sales","new_vehicle_sales","observed","source_reported_period","vehicle_type_total",TRUE,"Vehicle class total.","B","industry_analysis_vfacts_quote","GoAuto Premium","unknown_or_mixed","total","heavy_commercial_only","direct_media_vfacts_quote",2,40597,42255,""
"goauto_kpmg_2018_industry","2018","Australia","light_commercial","total",237972,"vehicles","annual_sales","new_vehicle_sales","observed","source_reported_period","vehicle_type_total",TRUE,"Vehicle class total.","B","industry_analysis_vfacts_quote","GoAuto Premium","unknown_or_mixed","total","light_vehicle","direct_media_vfacts_quote",2,233213,242731,""
"goauto_kpmg_2018_industry","2018","Australia","passenger","BEV",646,"vehicles","annual_sales","new_vehicle_sales","observed","source_reported_period","vehicle_type_powertrain",TRUE,"Passenger fuel split from VFACTS table; Tesla treatment depends on VFACTS reporting.","B","industry_analysis_vfacts_quote","GoAuto Premium","unknown_or_mixed","BEV","light_vehicle","direct_media_vfacts_quote",2,633,659,""
"goauto_kpmg_2018_industry","2018","Australia","passenger","HEV",12728,"vehicles","annual_sales","new_vehicle_sales","observed","source_reported_period","vehicle_type_powertrain",TRUE,"Passenger fuel split from VFACTS table.","B","industry_analysis_vfacts_quote","GoAuto Premium","unknown_or_mixed","HEV","light_vehicle","direct_media_vfacts_quote",2,12473,12983,""
"goauto_kpmg_2018_industry","2018","Australia","passenger","ICE_diesel",13982,"vehicles","annual_sales","new_vehicle_sales","observed","source_reported_period","vehicle_type_powertrain",TRUE,"Passenger fuel split from VFACTS table.","B","industry_analysis_vfacts_quote","GoAuto Premium","unknown_or_mixed","ICE_diesel","light_vehicle","direct_media_vfacts_quote",2,13702,14262,""
"goauto_kpmg_2018_industry","2018","Australia","passenger","ICE_petrol",351057,"vehicles","annual_sales","new_vehicle_sales","observed","source_reported_period","vehicle_type_powertrain",TRUE,"Passenger fuel split from VFACTS table.","B","industry_analysis_vfacts_quote","GoAuto Premium","unknown_or_mixed","ICE_petrol","light_vehicle","direct_media_vfacts_quote",2,344036,358078,""
"goauto_kpmg_2018_industry","2018","Australia","passenger","total",378413,"vehicles","annual_sales","new_vehicle_sales","observed","source_reported_period","vehicle_type_total",TRUE,"Vehicle class total.","B","industry_analysis_vfacts_quote","GoAuto Premium","unknown_or_mixed","total","light_vehicle","direct_media_vfacts_quote",2,370845,385981,""
"goauto_kpmg_2018_industry","2018","Australia","SUV","BEV",690,"vehicles","annual_sales","new_vehicle_sales","observed","source_reported_period","vehicle_type_powertrain",TRUE,"SUV fuel split from VFACTS table; Tesla treatment depends on VFACTS reporting.","B","industry_analysis_vfacts_quote","GoAuto Premium","unknown_or_mixed","BEV","light_vehicle","direct_media_vfacts_quote",2,676,704,""
"goauto_kpmg_2018_industry","2018","Australia","SUV","HEV",1600,"vehicles","annual_sales","new_vehicle_sales","observed","source_reported_period","vehicle_type_powertrain",TRUE,"SUV fuel split from VFACTS table.","B","industry_analysis_vfacts_quote","GoAuto Premium","unknown_or_mixed","HEV","light_vehicle","direct_media_vfacts_quote",2,1568,1632,""
"goauto_kpmg_2018_industry","2018","Australia","SUV","ICE_diesel",132331,"vehicles","annual_sales","new_vehicle_sales","observed","source_reported_period","vehicle_type_powertrain",TRUE,"SUV fuel split from VFACTS table.","B","industry_analysis_vfacts_quote","GoAuto Premium","unknown_or_mixed","ICE_diesel","light_vehicle","direct_media_vfacts_quote",2,129684,134978,""
"goauto_kpmg_2018_industry","2018","Australia","SUV","ICE_petrol",360679,"vehicles","annual_sales","new_vehicle_sales","observed","source_reported_period","vehicle_type_powertrain",TRUE,"SUV fuel split from VFACTS table.","B","industry_analysis_vfacts_quote","GoAuto Premium","unknown_or_mixed","ICE_petrol","light_vehicle","direct_media_vfacts_quote",2,353465,367893,""
"goauto_kpmg_2018_industry","2018","Australia","SUV","total",495300,"vehicles","annual_sales","new_vehicle_sales","observed","source_reported_period","vehicle_type_total",TRUE,"Vehicle class total.","B","industry_analysis_vfacts_quote","GoAuto Premium","unknown_or_mixed","total","light_vehicle","direct_media_vfacts_quote",2,485394,505206,""
"wiki_pev_au","2018","Australia","total","BEV_or_PHEV",2216,"vehicles","annual_sales","new_vehicle_sales","observed","source_reported_period","powertrain_total",TRUE,"Tertiary compilation; backfill original source.","C","tertiary_compilation","Wikipedia","unknown_or_mixed","BEV_or_PHEV","all_new_vehicles","tertiary_compilation",20,1773,2659,"combined plug-in bucket; do not sum with separate BEV/PHEV rows"
"goauto_2020_hybrid_market","2018","Australia","total","HEV",14328,"vehicles","annual_sales","new_vehicle_sales","observed","source_reported_period","powertrain_total",TRUE,"GoAuto reports total hybrid deliveries in 2018.","B","media_vfacts_quote","GoAuto","unknown_or_mixed","HEV","all_new_vehicles","direct_media_vfacts_quote",2,14041,14615,""
"goauto_kpmg_2018_industry","2018","Australia","total","total",1153111,"vehicles","annual_sales","new_vehicle_sales","observed","source_reported_period","market_total",TRUE,"GoAuto/KPMG table reports VFACTS total market.","B","industry_analysis_vfacts_quote","GoAuto Premium","unknown_or_mixed","total","all_new_vehicles","direct_media_vfacts_quote",2,1130049,1176173,""
"fcai_2019_full","2019","Australia","heavy_commercial","total",37882,"vehicles","annual_sales","new_vehicle_sales","derived","source_reported_period","vehicle_type_total",TRUE,"Residual after derived light-vehicle class totals.","A","official_media_release","Federal Chamber of Automotive Industries","unknown_or_mixed","total","heavy_commercial_only","derived_from_public_percent_or_residual",8,34851,40913,""
"fcai_2019_full","2019","Australia","light_commercial","total",225597,"vehicles","annual_sales","new_vehicle_sales","derived","source_reported_period","vehicle_type_total",TRUE,"Derived from 2018 VFACTS light-commercial total and FCAI-reported 2019 light-commercial decline.","A","official_media_release","Federal Chamber of Automotive Industries","unknown_or_mixed","total","light_vehicle","derived_from_public_percent_or_residual",8,207549,243645,""
"fcai_2019_full","2019","Australia","passenger","total",315975,"vehicles","annual_sales","new_vehicle_sales","derived","source_reported_period","vehicle_type_total",TRUE,"Derived from 2018 VFACTS passenger total and FCAI-reported 2019 passenger decline.","A","official_media_release","Federal Chamber of Automotive Industries","unknown_or_mixed","total","light_vehicle","derived_from_public_percent_or_residual",8,290697,341253,""
"fcai_2019_full","2019","Australia","SUV","total",483413,"vehicles","annual_sales","new_vehicle_sales","derived","source_reported_period","vehicle_type_total",TRUE,"Derived from 2018 VFACTS SUV total and FCAI-reported 2019 SUV decline.","A","official_media_release","Federal Chamber of Automotive Industries","unknown_or_mixed","total","light_vehicle","derived_from_public_percent_or_residual",8,444740,522086,""
"carexpert_2020_full","2019","Australia","total","BEV_excl_Tesla",1522,"vehicles","annual_sales","new_vehicle_sales","derived","source_reported_period","powertrain_total",TRUE,"Derived from 2020 EV excluding Tesla total and reported year-on-year growth.","B","media_vfacts_quote","CarExpert","excludes_tesla","BEV","all_new_vehicles","derived_from_public_percent_or_residual",8,1400,1644,"excludes Tesla; not directly comparable with later all-brand BEV totals"
"wiki_pev_au","2019","Australia","total","BEV_or_PHEV",6718,"vehicles","annual_sales","new_vehicle_sales","observed","source_reported_period","powertrain_total",TRUE,"Tertiary compilation; backfill original source.","C","tertiary_compilation","Wikipedia","unknown_or_mixed","BEV_or_PHEV","all_new_vehicles","tertiary_compilation",20,5374,8062,"combined plug-in bucket; do not sum with separate BEV/PHEV rows"
"goauto_2020_hybrid_market","2019","Australia","total","HEV",30641,"vehicles","annual_sales","new_vehicle_sales","observed","source_reported_period","powertrain_total",TRUE,"GoAuto reports total hybrid deliveries in 2019.","B","media_vfacts_quote","GoAuto","unknown_or_mixed","HEV","all_new_vehicles","direct_media_vfacts_quote",2,30028,31254,""
"carexpert_2020_full","2019","Australia","total","ICE_diesel",332182,"vehicles","annual_sales","new_vehicle_sales","derived","source_reported_period","powertrain_total",TRUE,"Derived from 2020 diesel total and reported year-on-year decline.","B","media_vfacts_quote","CarExpert","unknown_or_mixed","ICE_diesel","all_new_vehicles","derived_from_public_percent_or_residual",8,305607,358757,""
"carexpert_2020_full","2019","Australia","total","ICE_petrol",658193,"vehicles","annual_sales","new_vehicle_sales","derived","source_reported_period","powertrain_total",TRUE,"Derived from 2020 petrol total and reported year-on-year decline.","B","media_vfacts_quote","CarExpert","unknown_or_mixed","ICE_petrol","all_new_vehicles","derived_from_public_percent_or_residual",8,605538,710848,""
"carexpert_2020_full","2019","Australia","total","PHEV",1426,"vehicles","annual_sales","new_vehicle_sales","derived","source_reported_period","powertrain_total",TRUE,"Derived from 2020 PHEV total and reported year-on-year growth.","B","media_vfacts_quote","CarExpert","unknown_or_mixed","PHEV","all_new_vehicles","derived_from_public_percent_or_residual",8,1312,1540,""
"fcai_2019_full","2019","Australia","total","total",1062867,"vehicles","annual_sales","new_vehicle_sales","observed","source_reported_period","market_total",TRUE,"FCAI reports 2019 VFACTS total new vehicle sales.","A","official_media_release","Federal Chamber of Automotive Industries","unknown_or_mixed","total","all_new_vehicles","direct_official_or_primary",1,1052238,1073496,""
"carexpert_2020_full","2020","Australia","heavy_commercial","total",34845,"vehicles","annual_sales","new_vehicle_sales","derived","source_reported_period","vehicle_type_total",TRUE,"Residual after derived light-vehicle class totals.","B","media_vfacts_quote","CarExpert","unknown_or_mixed","total","heavy_commercial_only","derived_from_public_percent_or_residual",8,32057,37633,""
"carexpert_2020_full","2020","Australia","light_commercial","total",205401,"vehicles","annual_sales","new_vehicle_sales","derived","source_reported_period","vehicle_type_total",TRUE,"Derived from reported 2020 light-commercial market share.","B","media_vfacts_quote","CarExpert","unknown_or_mixed","total","light_vehicle","derived_from_public_percent_or_residual",8,188969,221833,""
"carexpert_2020_full","2020","Australia","passenger","total",221906,"vehicles","annual_sales","new_vehicle_sales","derived","source_reported_period","vehicle_type_total",TRUE,"Derived from reported 2020 passenger-car market share.","B","media_vfacts_quote","CarExpert","unknown_or_mixed","total","light_vehicle","derived_from_public_percent_or_residual",8,204154,239658,""
"carexpert_2020_full","2020","Australia","SUV","total",454816,"vehicles","annual_sales","new_vehicle_sales","derived","source_reported_period","vehicle_type_total",TRUE,"Derived from reported 2020 SUV market share.","B","media_vfacts_quote","CarExpert","unknown_or_mixed","total","light_vehicle","derived_from_public_percent_or_residual",8,418431,491201,""
"carexpert_2020_full","2020","Australia","total","BEV_excl_Tesla",1769,"vehicles","annual_sales","new_vehicle_sales","observed","source_reported_period","powertrain_total",TRUE,"Fuel-type total reported by CarExpert from VFACTS; excludes Tesla.","B","media_vfacts_quote","CarExpert","excludes_tesla","BEV","all_new_vehicles","direct_media_vfacts_quote",2,1734,1804,"excludes Tesla; not directly comparable with later all-brand BEV totals"
"wiki_pev_au","2020","Australia","total","BEV_or_PHEV",6900,"vehicles","annual_sales","new_vehicle_sales","observed","source_reported_period","powertrain_total",TRUE,"Tertiary compilation; backfill original source.","C","tertiary_compilation","Wikipedia","unknown_or_mixed","BEV_or_PHEV","all_new_vehicles","tertiary_compilation",20,5520,8280,"combined plug-in bucket; do not sum with separate BEV/PHEV rows"
"carexpert_2020_full","2020","Australia","total","HEV",60417,"vehicles","annual_sales","new_vehicle_sales","observed","source_reported_period","powertrain_total",TRUE,"Fuel-type total reported by CarExpert from VFACTS.","B","media_vfacts_quote","CarExpert","unknown_or_mixed","HEV","all_new_vehicles","direct_media_vfacts_quote",2,59209,61625,""
"carexpert_2020_full","2020","Australia","total","ICE_diesel",290659,"vehicles","annual_sales","new_vehicle_sales","observed","source_reported_period","powertrain_total",TRUE,"Fuel-type total reported by CarExpert from VFACTS.","B","media_vfacts_quote","CarExpert","unknown_or_mixed","ICE_diesel","all_new_vehicles","direct_media_vfacts_quote",2,284846,296472,""
"carexpert_2020_full","2020","Australia","total","ICE_petrol",527871,"vehicles","annual_sales","new_vehicle_sales","observed","source_reported_period","powertrain_total",TRUE,"Fuel-type total reported by CarExpert from VFACTS.","B","media_vfacts_quote","CarExpert","unknown_or_mixed","ICE_petrol","all_new_vehicles","direct_media_vfacts_quote",2,517314,538428,""
"carexpert_2020_full","2020","Australia","total","PHEV",1685,"vehicles","annual_sales","new_vehicle_sales","observed","source_reported_period","powertrain_total",TRUE,"Fuel-type total reported by CarExpert from VFACTS.","B","media_vfacts_quote","CarExpert","unknown_or_mixed","PHEV","all_new_vehicles","direct_media_vfacts_quote",2,1651,1719,""
"carexpert_2020_full","2020","Australia","total","total",916968,"vehicles","annual_sales","new_vehicle_sales","observed","source_reported_period","market_total",TRUE,"CarExpert reports FCAI/VFACTS full-year 2020 market total.","B","media_vfacts_quote","CarExpert","unknown_or_mixed","total","all_new_vehicles","direct_media_vfacts_quote",2,898629,935307,""
"carexpert_2021_full","2021","Australia","heavy_commercial","total",43231,"vehicles","annual_sales","new_vehicle_sales","observed","source_reported_period","vehicle_type_total",TRUE,"Category breakdown.","B","media_vfacts_quote","CarExpert","unknown_or_mixed","total","heavy_commercial_only","direct_media_vfacts_quote",2,42366,44096,""
"carexpert_2021_full","2021","Australia","light_commercial","total",253254,"vehicles","annual_sales","new_vehicle_sales","observed","source_reported_period","vehicle_type_total",TRUE,"Category breakdown.","B","media_vfacts_quote","CarExpert","unknown_or_mixed","total","light_vehicle","direct_media_vfacts_quote",2,248189,258319,""
"carexpert_2021_full","2021","Australia","passenger","total",221556,"vehicles","annual_sales","new_vehicle_sales","observed","source_reported_period","vehicle_type_total",TRUE,"Category breakdown.","B","media_vfacts_quote","CarExpert","unknown_or_mixed","total","light_vehicle","direct_media_vfacts_quote",2,217125,225987,""
"carexpert_2021_full","2021","Australia","SUV","total",531700,"vehicles","annual_sales","new_vehicle_sales","observed","source_reported_period","vehicle_type_total",TRUE,"Category breakdown.","B","media_vfacts_quote","CarExpert","unknown_or_mixed","total","light_vehicle","direct_media_vfacts_quote",2,521066,542334,""
"carexpert_2021_full","2021","Australia","total","BEV_excl_Tesla",5149,"vehicles","annual_sales","new_vehicle_sales","observed","source_reported_period","powertrain_total",TRUE,"Fuel-type breakdown reports EV minus Tesla.","B","media_vfacts_quote","CarExpert","excludes_tesla","BEV","all_new_vehicles","direct_media_vfacts_quote",2,5046,5252,"excludes Tesla; not directly comparable with later all-brand BEV totals"
"wiki_pev_au","2021","Australia","total","BEV_or_PHEV",17293,"vehicles","annual_sales","new_vehicle_sales","observed","source_reported_period","powertrain_total",TRUE,"Tertiary compilation; backfill original source.","C","tertiary_compilation","Wikipedia","unknown_or_mixed","BEV_or_PHEV","all_new_vehicles","tertiary_compilation",20,13834,20752,"combined plug-in bucket; do not sum with separate BEV/PHEV rows"
"carexpert_2021_full","2021","Australia","total","FCEV",38,"vehicles","annual_sales","new_vehicle_sales","observed","source_reported_period","powertrain_total",TRUE,"Fuel-type breakdown.","B","media_vfacts_quote","CarExpert","unknown_or_mixed","FCEV","all_new_vehicles","direct_media_vfacts_quote",2,37,39,""
"carexpert_2021_full","2021","Australia","total","HEV",70466,"vehicles","annual_sales","new_vehicle_sales","observed","source_reported_period","powertrain_total",TRUE,"Fuel-type breakdown.","B","media_vfacts_quote","CarExpert","unknown_or_mixed","HEV","all_new_vehicles","direct_media_vfacts_quote",2,69057,71875,""
"carexpert_2021_full","2021","Australia","total","ICE_diesel",346990,"vehicles","annual_sales","new_vehicle_sales","observed","source_reported_period","powertrain_total",TRUE,"Fuel-type breakdown.","B","media_vfacts_quote","CarExpert","unknown_or_mixed","ICE_diesel","all_new_vehicles","direct_media_vfacts_quote",2,340050,353930,""
"carexpert_2021_full","2021","Australia","total","ICE_petrol",580495,"vehicles","annual_sales","new_vehicle_sales","observed","source_reported_period","powertrain_total",TRUE,"Fuel-type breakdown.","B","media_vfacts_quote","CarExpert","unknown_or_mixed","ICE_petrol","all_new_vehicles","direct_media_vfacts_quote",2,568885,592105,""
"carexpert_2021_full","2021","Australia","total","PHEV",3372,"vehicles","annual_sales","new_vehicle_sales","observed","source_reported_period","powertrain_total",TRUE,"Fuel-type breakdown.","B","media_vfacts_quote","CarExpert","unknown_or_mixed","PHEV","all_new_vehicles","direct_media_vfacts_quote",2,3305,3439,""
"carexpert_2021_full","2021","Australia","total","total",1049831,"vehicles","annual_sales","new_vehicle_sales","observed","source_reported_period","market_total",TRUE,"CarExpert reports FCAI/VFACTS full-year 2021 market total.","B","media_vfacts_quote","CarExpert","unknown_or_mixed","total","all_new_vehicles","direct_media_vfacts_quote",2,1028834,1070828,""
"carexpert_2022_full","2022","Australia","heavy_commercial","total",47359,"vehicles","annual_sales","new_vehicle_sales","observed","source_reported_period","vehicle_type_total",TRUE,"Category breakdown.","B","media_vfacts_quote","CarExpert","unknown_or_mixed","total","heavy_commercial_only","direct_media_vfacts_quote",2,46412,48306,""
"aaa_ev_index","2022","Australia","light_commercial","BEV",53,"vehicles","annual_sales","new_vehicle_sales","observed","complete_year","vehicle_type_powertrain",TRUE,"AAA EV Index direct annual aggregation from state/model/vehicle-type/fuel quarterly rows.","A","official_dashboard","Australian Automobile Association","includes_tesla","BEV","light_vehicle","direct_dashboard_complete",0.5,53,53,""
"aaa_ev_index","2022","Australia","light_commercial","HEV",0,"vehicles","annual_sales","new_vehicle_sales","observed","complete_year","vehicle_type_powertrain",TRUE,"AAA EV Index direct annual aggregation from state/model/vehicle-type/fuel quarterly rows.","A","official_dashboard","Australian Automobile Association","includes_tesla","HEV","light_vehicle","direct_dashboard_complete",0.5,0,0,""
"aaa_ev_index","2022","Australia","light_commercial","ICE",253226,"vehicles","annual_sales","new_vehicle_sales","observed","complete_year","vehicle_type_powertrain",TRUE,"AAA EV Index direct annual aggregation from state/model/vehicle-type/fuel quarterly rows.","A","official_dashboard","Australian Automobile Association","includes_tesla","ICE","light_vehicle","direct_dashboard_complete",0.5,251960,254492,""
"aaa_ev_index","2022","Australia","light_commercial","PHEV",0,"vehicles","annual_sales","new_vehicle_sales","observed","complete_year","vehicle_type_powertrain",TRUE,"AAA EV Index direct annual aggregation from state/model/vehicle-type/fuel quarterly rows.","A","official_dashboard","Australian Automobile Association","includes_tesla","PHEV","light_vehicle","direct_dashboard_complete",0.5,0,0,""
"aaa_ev_index","2022","Australia","light_commercial","total",253279,"vehicles","annual_sales","new_vehicle_sales","observed","complete_year","vehicle_type_total",TRUE,"AAA EV Index rollup across fuel types.","A","official_dashboard","Australian Automobile Association","includes_tesla","total","light_vehicle","direct_dashboard_complete",0.5,252013,254545,""
"aaa_ev_index","2022","Australia","passenger","BEV",14520,"vehicles","annual_sales","new_vehicle_sales","observed","complete_year","vehicle_type_powertrain",TRUE,"AAA EV Index direct annual aggregation from state/model/vehicle-type/fuel quarterly rows.","A","official_dashboard","Australian Automobile Association","includes_tesla","BEV","light_vehicle","direct_dashboard_complete",0.5,14447,14593,""
"aaa_ev_index","2022","Australia","passenger","FCEV",14,"vehicles","annual_sales","new_vehicle_sales","observed","complete_year","vehicle_type_powertrain",TRUE,"AAA EV Index direct annual aggregation from state/model/vehicle-type/fuel quarterly rows.","A","official_dashboard","Australian Automobile Association","includes_tesla","FCEV","light_vehicle","direct_dashboard_complete",0.5,14,14,""
"aaa_ev_index","2022","Australia","passenger","HEV",26699,"vehicles","annual_sales","new_vehicle_sales","observed","complete_year","vehicle_type_powertrain",TRUE,"AAA EV Index direct annual aggregation from state/model/vehicle-type/fuel quarterly rows.","A","official_dashboard","Australian Automobile Association","includes_tesla","HEV","light_vehicle","direct_dashboard_complete",0.5,26566,26832,""
"aaa_ev_index","2022","Australia","passenger","ICE",149377,"vehicles","annual_sales","new_vehicle_sales","observed","complete_year","vehicle_type_powertrain",TRUE,"AAA EV Index direct annual aggregation from state/model/vehicle-type/fuel quarterly rows.","A","official_dashboard","Australian Automobile Association","includes_tesla","ICE","light_vehicle","direct_dashboard_complete",0.5,148630,150124,""
"aaa_ev_index","2022","Australia","passenger","PHEV",412,"vehicles","annual_sales","new_vehicle_sales","observed","complete_year","vehicle_type_powertrain",TRUE,"AAA EV Index direct annual aggregation from state/model/vehicle-type/fuel quarterly rows.","A","official_dashboard","Australian Automobile Association","includes_tesla","PHEV","light_vehicle","direct_dashboard_complete",0.5,410,414,""
"aaa_ev_index","2022","Australia","passenger","total",191022,"vehicles","annual_sales","new_vehicle_sales","observed","complete_year","vehicle_type_total",TRUE,"AAA EV Index rollup across fuel types.","A","official_dashboard","Australian Automobile Association","includes_tesla","total","light_vehicle","direct_dashboard_complete",0.5,190067,191977,""
"aaa_ev_index","2022","Australia","people_mover","BEV",13,"vehicles","annual_sales","new_vehicle_sales","observed","complete_year","vehicle_type_powertrain",TRUE,"AAA EV Index direct annual aggregation from state/model/vehicle-type/fuel quarterly rows.","A","official_dashboard","Australian Automobile Association","includes_tesla","BEV","light_vehicle","direct_dashboard_complete",0.5,13,13,""
"aaa_ev_index","2022","Australia","people_mover","HEV",0,"vehicles","annual_sales","new_vehicle_sales","observed","complete_year","vehicle_type_powertrain",TRUE,"AAA EV Index direct annual aggregation from state/model/vehicle-type/fuel quarterly rows.","A","official_dashboard","Australian Automobile Association","includes_tesla","HEV","light_vehicle","direct_dashboard_complete",0.5,0,0,""
"aaa_ev_index","2022","Australia","people_mover","ICE",12021,"vehicles","annual_sales","new_vehicle_sales","observed","complete_year","vehicle_type_powertrain",TRUE,"AAA EV Index direct annual aggregation from state/model/vehicle-type/fuel quarterly rows.","A","official_dashboard","Australian Automobile Association","includes_tesla","ICE","light_vehicle","direct_dashboard_complete",0.5,11961,12081,""
"aaa_ev_index","2022","Australia","people_mover","total",12034,"vehicles","annual_sales","new_vehicle_sales","observed","complete_year","vehicle_type_total",TRUE,"AAA EV Index rollup across fuel types.","A","official_dashboard","Australian Automobile Association","includes_tesla","total","light_vehicle","direct_dashboard_complete",0.5,11974,12094,""
"aaa_ev_index","2022","Australia","SUV","BEV",18824,"vehicles","annual_sales","new_vehicle_sales","observed","complete_year","vehicle_type_powertrain",TRUE,"AAA EV Index direct annual aggregation from state/model/vehicle-type/fuel quarterly rows.","A","official_dashboard","Australian Automobile Association","includes_tesla","BEV","light_vehicle","direct_dashboard_complete",0.5,18730,18918,""
"aaa_ev_index","2022","Australia","SUV","FCEV",1,"vehicles","annual_sales","new_vehicle_sales","observed","complete_year","vehicle_type_powertrain",TRUE,"AAA EV Index direct annual aggregation from state/model/vehicle-type/fuel quarterly rows.","A","official_dashboard","Australian Automobile Association","includes_tesla","FCEV","light_vehicle","direct_dashboard_complete",0.5,1,1,""
"aaa_ev_index","2022","Australia","SUV","HEV",55087,"vehicles","annual_sales","new_vehicle_sales","observed","complete_year","vehicle_type_powertrain",TRUE,"AAA EV Index direct annual aggregation from state/model/vehicle-type/fuel quarterly rows.","A","official_dashboard","Australian Automobile Association","includes_tesla","HEV","light_vehicle","direct_dashboard_complete",0.5,54812,55362,""
"aaa_ev_index","2022","Australia","SUV","ICE",495195,"vehicles","annual_sales","new_vehicle_sales","observed","complete_year","vehicle_type_powertrain",TRUE,"AAA EV Index direct annual aggregation from state/model/vehicle-type/fuel quarterly rows.","A","official_dashboard","Australian Automobile Association","includes_tesla","ICE","light_vehicle","direct_dashboard_complete",0.5,492719,497671,""
"aaa_ev_index","2022","Australia","SUV","PHEV",5525,"vehicles","annual_sales","new_vehicle_sales","observed","complete_year","vehicle_type_powertrain",TRUE,"AAA EV Index direct annual aggregation from state/model/vehicle-type/fuel quarterly rows.","A","official_dashboard","Australian Automobile Association","includes_tesla","PHEV","light_vehicle","direct_dashboard_complete",0.5,5497,5553,""
"aaa_ev_index","2022","Australia","SUV","total",574632,"vehicles","annual_sales","new_vehicle_sales","observed","complete_year","vehicle_type_total",TRUE,"AAA EV Index rollup across fuel types.","A","official_dashboard","Australian Automobile Association","includes_tesla","total","light_vehicle","direct_dashboard_complete",0.5,571759,577505,""
"aaa_ev_index","2022","Australia","total","BEV",33410,"vehicles","annual_sales","new_vehicle_sales","observed","complete_year","powertrain_total",TRUE,"AAA EV Index rollup across broad light-vehicle types.","A","official_dashboard","Australian Automobile Association","includes_tesla","BEV","light_vehicle","direct_dashboard_complete",0.5,33243,33577,""
"aaa_ev_index","2022","Australia","total","FCEV",15,"vehicles","annual_sales","new_vehicle_sales","observed","complete_year","powertrain_total",TRUE,"AAA EV Index rollup across broad light-vehicle types.","A","official_dashboard","Australian Automobile Association","includes_tesla","FCEV","light_vehicle","direct_dashboard_complete",0.5,15,15,""
"aaa_ev_index","2022","Australia","total","HEV",81786,"vehicles","annual_sales","new_vehicle_sales","observed","complete_year","powertrain_total",TRUE,"AAA EV Index rollup across broad light-vehicle types.","A","official_dashboard","Australian Automobile Association","includes_tesla","HEV","light_vehicle","direct_dashboard_complete",0.5,81377,82195,""
"aaa_ev_index","2022","Australia","total","ICE",909819,"vehicles","annual_sales","new_vehicle_sales","observed","complete_year","powertrain_total",TRUE,"AAA EV Index rollup across broad light-vehicle types.","A","official_dashboard","Australian Automobile Association","includes_tesla","ICE","light_vehicle","direct_dashboard_complete",0.5,905270,914368,""
"aaa_ev_index","2022","Australia","total","PHEV",5937,"vehicles","annual_sales","new_vehicle_sales","observed","complete_year","powertrain_total",TRUE,"AAA EV Index rollup across broad light-vehicle types.","A","official_dashboard","Australian Automobile Association","includes_tesla","PHEV","light_vehicle","direct_dashboard_complete",0.5,5907,5967,""
"aaa_ev_index","2022","Australia","total","total",1030967,"vehicles","annual_sales","new_vehicle_sales","observed","complete_year","market_total",TRUE,"AAA EV Index light-vehicle market rollup across broad vehicle and fuel types.","A","official_dashboard","Australian Automobile Association","includes_tesla","total","light_vehicle","direct_dashboard_complete",0.5,1025812,1036122,"light-vehicle market only; excludes heavy commercial"
"carexpert_2023_full","2023","Australia","heavy_commercial","total",51772,"vehicles","annual_sales","new_vehicle_sales","observed","source_reported_period","vehicle_type_total",TRUE,"Category breakdown.","B","media_vfacts_quote","CarExpert","unknown_or_mixed","total","heavy_commercial_only","direct_media_vfacts_quote",2,50737,52807,""
"aaa_ev_index","2023","Australia","light_commercial","BEV",212,"vehicles","annual_sales","new_vehicle_sales","observed","complete_year","vehicle_type_powertrain",TRUE,"AAA EV Index direct annual aggregation from state/model/vehicle-type/fuel quarterly rows.","A","official_dashboard","Australian Automobile Association","includes_tesla","BEV","light_vehicle","direct_dashboard_complete",0.5,211,213,""
"aaa_ev_index","2023","Australia","light_commercial","HEV",20,"vehicles","annual_sales","new_vehicle_sales","observed","complete_year","vehicle_type_powertrain",TRUE,"AAA EV Index direct annual aggregation from state/model/vehicle-type/fuel quarterly rows.","A","official_dashboard","Australian Automobile Association","includes_tesla","HEV","light_vehicle","direct_dashboard_complete",0.5,20,20,""
"aaa_ev_index","2023","Australia","light_commercial","ICE",270958,"vehicles","annual_sales","new_vehicle_sales","observed","complete_year","vehicle_type_powertrain",TRUE,"AAA EV Index direct annual aggregation from state/model/vehicle-type/fuel quarterly rows.","A","official_dashboard","Australian Automobile Association","includes_tesla","ICE","light_vehicle","direct_dashboard_complete",0.5,269603,272313,""
"aaa_ev_index","2023","Australia","light_commercial","PHEV",0,"vehicles","annual_sales","new_vehicle_sales","observed","complete_year","vehicle_type_powertrain",TRUE,"AAA EV Index direct annual aggregation from state/model/vehicle-type/fuel quarterly rows.","A","official_dashboard","Australian Automobile Association","includes_tesla","PHEV","light_vehicle","direct_dashboard_complete",0.5,0,0,""
"aaa_ev_index","2023","Australia","light_commercial","total",271190,"vehicles","annual_sales","new_vehicle_sales","observed","complete_year","vehicle_type_total",TRUE,"AAA EV Index rollup across fuel types.","A","official_dashboard","Australian Automobile Association","includes_tesla","total","light_vehicle","direct_dashboard_complete",0.5,269834,272546,""
"aaa_ev_index","2023","Australia","passenger","BEV",29437,"vehicles","annual_sales","new_vehicle_sales","observed","complete_year","vehicle_type_powertrain",TRUE,"AAA EV Index direct annual aggregation from state/model/vehicle-type/fuel quarterly rows.","A","official_dashboard","Australian Automobile Association","includes_tesla","BEV","light_vehicle","direct_dashboard_complete",0.5,29290,29584,""
"aaa_ev_index","2023","Australia","passenger","FCEV",6,"vehicles","annual_sales","new_vehicle_sales","observed","complete_year","vehicle_type_powertrain",TRUE,"AAA EV Index direct annual aggregation from state/model/vehicle-type/fuel quarterly rows.","A","official_dashboard","Australian Automobile Association","includes_tesla","FCEV","light_vehicle","direct_dashboard_complete",0.5,6,6,""
"aaa_ev_index","2023","Australia","passenger","HEV",28674,"vehicles","annual_sales","new_vehicle_sales","observed","complete_year","vehicle_type_powertrain",TRUE,"AAA EV Index direct annual aggregation from state/model/vehicle-type/fuel quarterly rows.","A","official_dashboard","Australian Automobile Association","includes_tesla","HEV","light_vehicle","direct_dashboard_complete",0.5,28531,28817,""
"aaa_ev_index","2023","Australia","passenger","ICE",138181,"vehicles","annual_sales","new_vehicle_sales","observed","complete_year","vehicle_type_powertrain",TRUE,"AAA EV Index direct annual aggregation from state/model/vehicle-type/fuel quarterly rows.","A","official_dashboard","Australian Automobile Association","includes_tesla","ICE","light_vehicle","direct_dashboard_complete",0.5,137490,138872,""
"aaa_ev_index","2023","Australia","passenger","PHEV",512,"vehicles","annual_sales","new_vehicle_sales","observed","complete_year","vehicle_type_powertrain",TRUE,"AAA EV Index direct annual aggregation from state/model/vehicle-type/fuel quarterly rows.","A","official_dashboard","Australian Automobile Association","includes_tesla","PHEV","light_vehicle","direct_dashboard_complete",0.5,509,515,""
"aaa_ev_index","2023","Australia","passenger","total",196810,"vehicles","annual_sales","new_vehicle_sales","observed","complete_year","vehicle_type_total",TRUE,"AAA EV Index rollup across fuel types.","A","official_dashboard","Australian Automobile Association","includes_tesla","total","light_vehicle","direct_dashboard_complete",0.5,195826,197794,""
"aaa_ev_index","2023","Australia","people_mover","BEV",42,"vehicles","annual_sales","new_vehicle_sales","observed","complete_year","vehicle_type_powertrain",TRUE,"AAA EV Index direct annual aggregation from state/model/vehicle-type/fuel quarterly rows.","A","official_dashboard","Australian Automobile Association","includes_tesla","BEV","light_vehicle","direct_dashboard_complete",0.5,42,42,""
"aaa_ev_index","2023","Australia","people_mover","HEV",41,"vehicles","annual_sales","new_vehicle_sales","observed","complete_year","vehicle_type_powertrain",TRUE,"AAA EV Index direct annual aggregation from state/model/vehicle-type/fuel quarterly rows.","A","official_dashboard","Australian Automobile Association","includes_tesla","HEV","light_vehicle","direct_dashboard_complete",0.5,41,41,""
"aaa_ev_index","2023","Australia","people_mover","ICE",14468,"vehicles","annual_sales","new_vehicle_sales","observed","complete_year","vehicle_type_powertrain",TRUE,"AAA EV Index direct annual aggregation from state/model/vehicle-type/fuel quarterly rows.","A","official_dashboard","Australian Automobile Association","includes_tesla","ICE","light_vehicle","direct_dashboard_complete",0.5,14396,14540,""
"aaa_ev_index","2023","Australia","people_mover","total",14551,"vehicles","annual_sales","new_vehicle_sales","observed","complete_year","vehicle_type_total",TRUE,"AAA EV Index rollup across fuel types.","A","official_dashboard","Australian Automobile Association","includes_tesla","total","light_vehicle","direct_dashboard_complete",0.5,14478,14624,""
"aaa_ev_index","2023","Australia","SUV","BEV",57526,"vehicles","annual_sales","new_vehicle_sales","observed","complete_year","vehicle_type_powertrain",TRUE,"AAA EV Index direct annual aggregation from state/model/vehicle-type/fuel quarterly rows.","A","official_dashboard","Australian Automobile Association","includes_tesla","BEV","light_vehicle","direct_dashboard_complete",0.5,57238,57814,""
"aaa_ev_index","2023","Australia","SUV","FCEV",0,"vehicles","annual_sales","new_vehicle_sales","observed","complete_year","vehicle_type_powertrain",TRUE,"AAA EV Index direct annual aggregation from state/model/vehicle-type/fuel quarterly rows.","A","official_dashboard","Australian Automobile Association","includes_tesla","FCEV","light_vehicle","direct_dashboard_complete",0.5,0,0,""
"aaa_ev_index","2023","Australia","SUV","HEV",69704,"vehicles","annual_sales","new_vehicle_sales","observed","complete_year","vehicle_type_powertrain",TRUE,"AAA EV Index direct annual aggregation from state/model/vehicle-type/fuel quarterly rows.","A","official_dashboard","Australian Automobile Association","includes_tesla","HEV","light_vehicle","direct_dashboard_complete",0.5,69355,70053,""
"aaa_ev_index","2023","Australia","SUV","ICE",541525,"vehicles","annual_sales","new_vehicle_sales","observed","complete_year","vehicle_type_powertrain",TRUE,"AAA EV Index direct annual aggregation from state/model/vehicle-type/fuel quarterly rows.","A","official_dashboard","Australian Automobile Association","includes_tesla","ICE","light_vehicle","direct_dashboard_complete",0.5,538817,544233,""
"aaa_ev_index","2023","Australia","SUV","PHEV",10707,"vehicles","annual_sales","new_vehicle_sales","observed","complete_year","vehicle_type_powertrain",TRUE,"AAA EV Index direct annual aggregation from state/model/vehicle-type/fuel quarterly rows.","A","official_dashboard","Australian Automobile Association","includes_tesla","PHEV","light_vehicle","direct_dashboard_complete",0.5,10653,10761,""
"aaa_ev_index","2023","Australia","SUV","total",679462,"vehicles","annual_sales","new_vehicle_sales","observed","complete_year","vehicle_type_total",TRUE,"AAA EV Index rollup across fuel types.","A","official_dashboard","Australian Automobile Association","includes_tesla","total","light_vehicle","direct_dashboard_complete",0.5,676065,682859,""
"aaa_ev_index","2023","Australia","total","BEV",87217,"vehicles","annual_sales","new_vehicle_sales","observed","complete_year","powertrain_total",TRUE,"AAA EV Index rollup across broad light-vehicle types.","A","official_dashboard","Australian Automobile Association","includes_tesla","BEV","light_vehicle","direct_dashboard_complete",0.5,86781,87653,""
"aaa_ev_index","2023","Australia","total","FCEV",6,"vehicles","annual_sales","new_vehicle_sales","observed","complete_year","powertrain_total",TRUE,"AAA EV Index rollup across broad light-vehicle types.","A","official_dashboard","Australian Automobile Association","includes_tesla","FCEV","light_vehicle","direct_dashboard_complete",0.5,6,6,""
"aaa_ev_index","2023","Australia","total","HEV",98439,"vehicles","annual_sales","new_vehicle_sales","observed","complete_year","powertrain_total",TRUE,"AAA EV Index rollup across broad light-vehicle types.","A","official_dashboard","Australian Automobile Association","includes_tesla","HEV","light_vehicle","direct_dashboard_complete",0.5,97947,98931,""
"aaa_ev_index","2023","Australia","total","ICE",965132,"vehicles","annual_sales","new_vehicle_sales","observed","complete_year","powertrain_total",TRUE,"AAA EV Index rollup across broad light-vehicle types.","A","official_dashboard","Australian Automobile Association","includes_tesla","ICE","light_vehicle","direct_dashboard_complete",0.5,960306,969958,""
"aaa_ev_index","2023","Australia","total","PHEV",11219,"vehicles","annual_sales","new_vehicle_sales","observed","complete_year","powertrain_total",TRUE,"AAA EV Index rollup across broad light-vehicle types.","A","official_dashboard","Australian Automobile Association","includes_tesla","PHEV","light_vehicle","direct_dashboard_complete",0.5,11163,11275,""
"aaa_ev_index","2023","Australia","total","total",1162013,"vehicles","annual_sales","new_vehicle_sales","observed","complete_year","market_total",TRUE,"AAA EV Index light-vehicle market rollup across broad vehicle and fuel types.","A","official_dashboard","Australian Automobile Association","includes_tesla","total","light_vehicle","direct_dashboard_complete",0.5,1156203,1167823,"light-vehicle market only; excludes heavy commercial"
"aaa_ev_index","2024","Australia","light_commercial","BEV",362,"vehicles","annual_sales","new_vehicle_sales","observed","complete_year","vehicle_type_powertrain",TRUE,"AAA EV Index direct annual aggregation from state/model/vehicle-type/fuel quarterly rows.","A","official_dashboard","Australian Automobile Association","includes_tesla","BEV","light_vehicle","direct_dashboard_complete",0.5,360,364,""
"aaa_ev_index","2024","Australia","light_commercial","HEV",826,"vehicles","annual_sales","new_vehicle_sales","observed","complete_year","vehicle_type_powertrain",TRUE,"AAA EV Index direct annual aggregation from state/model/vehicle-type/fuel quarterly rows.","A","official_dashboard","Australian Automobile Association","includes_tesla","HEV","light_vehicle","direct_dashboard_complete",0.5,822,830,""
"aaa_ev_index","2024","Australia","light_commercial","ICE",265406,"vehicles","annual_sales","new_vehicle_sales","observed","complete_year","vehicle_type_powertrain",TRUE,"AAA EV Index direct annual aggregation from state/model/vehicle-type/fuel quarterly rows.","A","official_dashboard","Australian Automobile Association","includes_tesla","ICE","light_vehicle","direct_dashboard_complete",0.5,264079,266733,""
"aaa_ev_index","2024","Australia","light_commercial","PHEV",0,"vehicles","annual_sales","new_vehicle_sales","observed","complete_year","vehicle_type_powertrain",TRUE,"AAA EV Index direct annual aggregation from state/model/vehicle-type/fuel quarterly rows.","A","official_dashboard","Australian Automobile Association","includes_tesla","PHEV","light_vehicle","direct_dashboard_complete",0.5,0,0,""
"aaa_ev_index","2024","Australia","light_commercial","total",266594,"vehicles","annual_sales","new_vehicle_sales","observed","complete_year","vehicle_type_total",TRUE,"AAA EV Index rollup across fuel types.","A","official_dashboard","Australian Automobile Association","includes_tesla","total","light_vehicle","direct_dashboard_complete",0.5,265261,267927,""
"aaa_ev_index","2024","Australia","passenger","BEV",40083,"vehicles","annual_sales","new_vehicle_sales","observed","complete_year","vehicle_type_powertrain",TRUE,"AAA EV Index direct annual aggregation from state/model/vehicle-type/fuel quarterly rows.","A","official_dashboard","Australian Automobile Association","includes_tesla","BEV","light_vehicle","direct_dashboard_complete",0.5,39883,40283,""
"aaa_ev_index","2024","Australia","passenger","FCEV",9,"vehicles","annual_sales","new_vehicle_sales","observed","complete_year","vehicle_type_powertrain",TRUE,"AAA EV Index direct annual aggregation from state/model/vehicle-type/fuel quarterly rows.","A","official_dashboard","Australian Automobile Association","includes_tesla","FCEV","light_vehicle","direct_dashboard_complete",0.5,9,9,""
"aaa_ev_index","2024","Australia","passenger","HEV",39195,"vehicles","annual_sales","new_vehicle_sales","observed","complete_year","vehicle_type_powertrain",TRUE,"AAA EV Index direct annual aggregation from state/model/vehicle-type/fuel quarterly rows.","A","official_dashboard","Australian Automobile Association","includes_tesla","HEV","light_vehicle","direct_dashboard_complete",0.5,38999,39391,""
"aaa_ev_index","2024","Australia","passenger","ICE",117323,"vehicles","annual_sales","new_vehicle_sales","observed","complete_year","vehicle_type_powertrain",TRUE,"AAA EV Index direct annual aggregation from state/model/vehicle-type/fuel quarterly rows.","A","official_dashboard","Australian Automobile Association","includes_tesla","ICE","light_vehicle","direct_dashboard_complete",0.5,116736,117910,""
"aaa_ev_index","2024","Australia","passenger","PHEV",810,"vehicles","annual_sales","new_vehicle_sales","observed","complete_year","vehicle_type_powertrain",TRUE,"AAA EV Index direct annual aggregation from state/model/vehicle-type/fuel quarterly rows.","A","official_dashboard","Australian Automobile Association","includes_tesla","PHEV","light_vehicle","direct_dashboard_complete",0.5,806,814,""
"aaa_ev_index","2024","Australia","passenger","total",197420,"vehicles","annual_sales","new_vehicle_sales","observed","complete_year","vehicle_type_total",TRUE,"AAA EV Index rollup across fuel types.","A","official_dashboard","Australian Automobile Association","includes_tesla","total","light_vehicle","direct_dashboard_complete",0.5,196433,198407,""
"aaa_ev_index","2024","Australia","people_mover","BEV",52,"vehicles","annual_sales","new_vehicle_sales","observed","complete_year","vehicle_type_powertrain",TRUE,"AAA EV Index direct annual aggregation from state/model/vehicle-type/fuel quarterly rows.","A","official_dashboard","Australian Automobile Association","includes_tesla","BEV","light_vehicle","direct_dashboard_complete",0.5,52,52,""
"aaa_ev_index","2024","Australia","people_mover","HEV",989,"vehicles","annual_sales","new_vehicle_sales","observed","complete_year","vehicle_type_powertrain",TRUE,"AAA EV Index direct annual aggregation from state/model/vehicle-type/fuel quarterly rows.","A","official_dashboard","Australian Automobile Association","includes_tesla","HEV","light_vehicle","direct_dashboard_complete",0.5,984,994,""
"aaa_ev_index","2024","Australia","people_mover","ICE",12613,"vehicles","annual_sales","new_vehicle_sales","observed","complete_year","vehicle_type_powertrain",TRUE,"AAA EV Index direct annual aggregation from state/model/vehicle-type/fuel quarterly rows.","A","official_dashboard","Australian Automobile Association","includes_tesla","ICE","light_vehicle","direct_dashboard_complete",0.5,12550,12676,""
"aaa_ev_index","2024","Australia","people_mover","total",13654,"vehicles","annual_sales","new_vehicle_sales","observed","complete_year","vehicle_type_total",TRUE,"AAA EV Index rollup across fuel types.","A","official_dashboard","Australian Automobile Association","includes_tesla","total","light_vehicle","direct_dashboard_complete",0.5,13586,13722,""
"aaa_ev_index","2024","Australia","SUV","BEV",50796,"vehicles","annual_sales","new_vehicle_sales","observed","complete_year","vehicle_type_powertrain",TRUE,"AAA EV Index direct annual aggregation from state/model/vehicle-type/fuel quarterly rows.","A","official_dashboard","Australian Automobile Association","includes_tesla","BEV","light_vehicle","direct_dashboard_complete",0.5,50542,51050,""
"aaa_ev_index","2024","Australia","SUV","FCEV",1,"vehicles","annual_sales","new_vehicle_sales","observed","complete_year","vehicle_type_powertrain",TRUE,"AAA EV Index direct annual aggregation from state/model/vehicle-type/fuel quarterly rows.","A","official_dashboard","Australian Automobile Association","includes_tesla","FCEV","light_vehicle","direct_dashboard_complete",0.5,1,1,""
"aaa_ev_index","2024","Australia","SUV","HEV",131803,"vehicles","annual_sales","new_vehicle_sales","observed","complete_year","vehicle_type_powertrain",TRUE,"AAA EV Index direct annual aggregation from state/model/vehicle-type/fuel quarterly rows.","A","official_dashboard","Australian Automobile Association","includes_tesla","HEV","light_vehicle","direct_dashboard_complete",0.5,131144,132462,""
"aaa_ev_index","2024","Australia","SUV","ICE",499787,"vehicles","annual_sales","new_vehicle_sales","observed","complete_year","vehicle_type_powertrain",TRUE,"AAA EV Index direct annual aggregation from state/model/vehicle-type/fuel quarterly rows.","A","official_dashboard","Australian Automobile Association","includes_tesla","ICE","light_vehicle","direct_dashboard_complete",0.5,497288,502286,""
"aaa_ev_index","2024","Australia","SUV","PHEV",22170,"vehicles","annual_sales","new_vehicle_sales","observed","complete_year","vehicle_type_powertrain",TRUE,"AAA EV Index direct annual aggregation from state/model/vehicle-type/fuel quarterly rows.","A","official_dashboard","Australian Automobile Association","includes_tesla","PHEV","light_vehicle","direct_dashboard_complete",0.5,22059,22281,""
"aaa_ev_index","2024","Australia","SUV","total",704557,"vehicles","annual_sales","new_vehicle_sales","observed","complete_year","vehicle_type_total",TRUE,"AAA EV Index rollup across fuel types.","A","official_dashboard","Australian Automobile Association","includes_tesla","total","light_vehicle","direct_dashboard_complete",0.5,701034,708080,""
"aaa_ev_index","2024","Australia","total","BEV",91293,"vehicles","annual_sales","new_vehicle_sales","observed","complete_year","powertrain_total",TRUE,"AAA EV Index rollup across broad light-vehicle types.","A","official_dashboard","Australian Automobile Association","includes_tesla","BEV","light_vehicle","direct_dashboard_complete",0.5,90837,91749,""
"aaa_ev_index","2024","Australia","total","FCEV",10,"vehicles","annual_sales","new_vehicle_sales","observed","complete_year","powertrain_total",TRUE,"AAA EV Index rollup across broad light-vehicle types.","A","official_dashboard","Australian Automobile Association","includes_tesla","FCEV","light_vehicle","direct_dashboard_complete",0.5,10,10,""
"aaa_ev_index","2024","Australia","total","HEV",172813,"vehicles","annual_sales","new_vehicle_sales","observed","complete_year","powertrain_total",TRUE,"AAA EV Index rollup across broad light-vehicle types.","A","official_dashboard","Australian Automobile Association","includes_tesla","HEV","light_vehicle","direct_dashboard_complete",0.5,171949,173677,""
"aaa_ev_index","2024","Australia","total","ICE",895129,"vehicles","annual_sales","new_vehicle_sales","observed","complete_year","powertrain_total",TRUE,"AAA EV Index rollup across broad light-vehicle types.","A","official_dashboard","Australian Automobile Association","includes_tesla","ICE","light_vehicle","direct_dashboard_complete",0.5,890653,899605,""
"aaa_ev_index","2024","Australia","total","PHEV",22980,"vehicles","annual_sales","new_vehicle_sales","observed","complete_year","powertrain_total",TRUE,"AAA EV Index rollup across broad light-vehicle types.","A","official_dashboard","Australian Automobile Association","includes_tesla","PHEV","light_vehicle","direct_dashboard_complete",0.5,22865,23095,""
"aaa_ev_index","2024","Australia","total","total",1182225,"vehicles","annual_sales","new_vehicle_sales","observed","complete_year","market_total",TRUE,"AAA EV Index light-vehicle market rollup across broad vehicle and fuel types.","A","official_dashboard","Australian Automobile Association","includes_tesla","total","light_vehicle","direct_dashboard_complete",0.5,1176314,1188136,"light-vehicle market only; excludes heavy commercial"
"carexpert_2025_full","2025","Australia","heavy_commercial","total",45264,"vehicles","annual_sales","new_vehicle_sales","observed","source_reported_period","vehicle_type_total",TRUE,"Category breakdown includes Tesla and Polestar sales.","B","media_vfacts_quote","CarExpert","includes_tesla","total","heavy_commercial_only","direct_media_vfacts_quote",2,44359,46169,""
"aaa_ev_index","2025","Australia","light_commercial","BEV",545,"vehicles","annual_sales","new_vehicle_sales","observed","complete_year","vehicle_type_powertrain",TRUE,"AAA EV Index direct annual aggregation from state/model/vehicle-type/fuel quarterly rows.","A","official_dashboard","Australian Automobile Association","includes_tesla","BEV","light_vehicle","direct_dashboard_complete",0.5,542,548,""
"aaa_ev_index","2025","Australia","light_commercial","HEV",1187,"vehicles","annual_sales","new_vehicle_sales","observed","complete_year","vehicle_type_powertrain",TRUE,"AAA EV Index direct annual aggregation from state/model/vehicle-type/fuel quarterly rows.","A","official_dashboard","Australian Automobile Association","includes_tesla","HEV","light_vehicle","direct_dashboard_complete",0.5,1181,1193,""
"aaa_ev_index","2025","Australia","light_commercial","ICE",245873,"vehicles","annual_sales","new_vehicle_sales","observed","complete_year","vehicle_type_powertrain",TRUE,"AAA EV Index direct annual aggregation from state/model/vehicle-type/fuel quarterly rows.","A","official_dashboard","Australian Automobile Association","includes_tesla","ICE","light_vehicle","direct_dashboard_complete",0.5,244644,247102,""
"aaa_ev_index","2025","Australia","light_commercial","PHEV",20634,"vehicles","annual_sales","new_vehicle_sales","observed","complete_year","vehicle_type_powertrain",TRUE,"AAA EV Index direct annual aggregation from state/model/vehicle-type/fuel quarterly rows.","A","official_dashboard","Australian Automobile Association","includes_tesla","PHEV","light_vehicle","direct_dashboard_complete",0.5,20531,20737,""
"aaa_ev_index","2025","Australia","light_commercial","total",268239,"vehicles","annual_sales","new_vehicle_sales","observed","complete_year","vehicle_type_total",TRUE,"AAA EV Index rollup across fuel types.","A","official_dashboard","Australian Automobile Association","includes_tesla","total","light_vehicle","direct_dashboard_complete",0.5,266898,269580,""
"aaa_ev_index","2025","Australia","passenger","BEV",22136,"vehicles","annual_sales","new_vehicle_sales","observed","complete_year","vehicle_type_powertrain",TRUE,"AAA EV Index direct annual aggregation from state/model/vehicle-type/fuel quarterly rows.","A","official_dashboard","Australian Automobile Association","includes_tesla","BEV","light_vehicle","direct_dashboard_complete",0.5,22025,22247,""
"aaa_ev_index","2025","Australia","passenger","FCEV",2,"vehicles","annual_sales","new_vehicle_sales","observed","complete_year","vehicle_type_powertrain",TRUE,"AAA EV Index direct annual aggregation from state/model/vehicle-type/fuel quarterly rows.","A","official_dashboard","Australian Automobile Association","includes_tesla","FCEV","light_vehicle","direct_dashboard_complete",0.5,2,2,""
"aaa_ev_index","2025","Australia","passenger","HEV",35818,"vehicles","annual_sales","new_vehicle_sales","observed","complete_year","vehicle_type_powertrain",TRUE,"AAA EV Index direct annual aggregation from state/model/vehicle-type/fuel quarterly rows.","A","official_dashboard","Australian Automobile Association","includes_tesla","HEV","light_vehicle","direct_dashboard_complete",0.5,35639,35997,""
"aaa_ev_index","2025","Australia","passenger","ICE",90800,"vehicles","annual_sales","new_vehicle_sales","observed","complete_year","vehicle_type_powertrain",TRUE,"AAA EV Index direct annual aggregation from state/model/vehicle-type/fuel quarterly rows.","A","official_dashboard","Australian Automobile Association","includes_tesla","ICE","light_vehicle","direct_dashboard_complete",0.5,90346,91254,""
"aaa_ev_index","2025","Australia","passenger","PHEV",1184,"vehicles","annual_sales","new_vehicle_sales","observed","complete_year","vehicle_type_powertrain",TRUE,"AAA EV Index direct annual aggregation from state/model/vehicle-type/fuel quarterly rows.","A","official_dashboard","Australian Automobile Association","includes_tesla","PHEV","light_vehicle","direct_dashboard_complete",0.5,1178,1190,""
"aaa_ev_index","2025","Australia","passenger","total",149940,"vehicles","annual_sales","new_vehicle_sales","observed","complete_year","vehicle_type_total",TRUE,"AAA EV Index rollup across fuel types.","A","official_dashboard","Australian Automobile Association","includes_tesla","total","light_vehicle","direct_dashboard_complete",0.5,149190,150690,""
"aaa_ev_index","2025","Australia","people_mover","BEV",771,"vehicles","annual_sales","new_vehicle_sales","observed","complete_year","vehicle_type_powertrain",TRUE,"AAA EV Index direct annual aggregation from state/model/vehicle-type/fuel quarterly rows.","A","official_dashboard","Australian Automobile Association","includes_tesla","BEV","light_vehicle","direct_dashboard_complete",0.5,767,775,""
"aaa_ev_index","2025","Australia","people_mover","HEV",2447,"vehicles","annual_sales","new_vehicle_sales","observed","complete_year","vehicle_type_powertrain",TRUE,"AAA EV Index direct annual aggregation from state/model/vehicle-type/fuel quarterly rows.","A","official_dashboard","Australian Automobile Association","includes_tesla","HEV","light_vehicle","direct_dashboard_complete",0.5,2435,2459,""
"aaa_ev_index","2025","Australia","people_mover","ICE",11689,"vehicles","annual_sales","new_vehicle_sales","observed","complete_year","vehicle_type_powertrain",TRUE,"AAA EV Index direct annual aggregation from state/model/vehicle-type/fuel quarterly rows.","A","official_dashboard","Australian Automobile Association","includes_tesla","ICE","light_vehicle","direct_dashboard_complete",0.5,11631,11747,""
"aaa_ev_index","2025","Australia","people_mover","total",14907,"vehicles","annual_sales","new_vehicle_sales","observed","complete_year","vehicle_type_total",TRUE,"AAA EV Index rollup across fuel types.","A","official_dashboard","Australian Automobile Association","includes_tesla","total","light_vehicle","direct_dashboard_complete",0.5,14832,14982,""
"aaa_ev_index","2025","Australia","SUV","BEV",79818,"vehicles","annual_sales","new_vehicle_sales","observed","complete_year","vehicle_type_powertrain",TRUE,"AAA EV Index direct annual aggregation from state/model/vehicle-type/fuel quarterly rows.","A","official_dashboard","Australian Automobile Association","includes_tesla","BEV","light_vehicle","direct_dashboard_complete",0.5,79419,80217,""
"aaa_ev_index","2025","Australia","SUV","FCEV",0,"vehicles","annual_sales","new_vehicle_sales","observed","complete_year","vehicle_type_powertrain",TRUE,"AAA EV Index direct annual aggregation from state/model/vehicle-type/fuel quarterly rows.","A","official_dashboard","Australian Automobile Association","includes_tesla","FCEV","light_vehicle","direct_dashboard_complete",0.5,0,0,""
"aaa_ev_index","2025","Australia","SUV","HEV",159681,"vehicles","annual_sales","new_vehicle_sales","observed","complete_year","vehicle_type_powertrain",TRUE,"AAA EV Index direct annual aggregation from state/model/vehicle-type/fuel quarterly rows.","A","official_dashboard","Australian Automobile Association","includes_tesla","HEV","light_vehicle","direct_dashboard_complete",0.5,158883,160479,""
"aaa_ev_index","2025","Australia","SUV","ICE",486532,"vehicles","annual_sales","new_vehicle_sales","observed","complete_year","vehicle_type_powertrain",TRUE,"AAA EV Index direct annual aggregation from state/model/vehicle-type/fuel quarterly rows.","A","official_dashboard","Australian Automobile Association","includes_tesla","ICE","light_vehicle","direct_dashboard_complete",0.5,484099,488965,""
"aaa_ev_index","2025","Australia","SUV","PHEV",31666,"vehicles","annual_sales","new_vehicle_sales","observed","complete_year","vehicle_type_powertrain",TRUE,"AAA EV Index direct annual aggregation from state/model/vehicle-type/fuel quarterly rows.","A","official_dashboard","Australian Automobile Association","includes_tesla","PHEV","light_vehicle","direct_dashboard_complete",0.5,31508,31824,""
"aaa_ev_index","2025","Australia","SUV","total",757697,"vehicles","annual_sales","new_vehicle_sales","observed","complete_year","vehicle_type_total",TRUE,"AAA EV Index rollup across fuel types.","A","official_dashboard","Australian Automobile Association","includes_tesla","total","light_vehicle","direct_dashboard_complete",0.5,753909,761485,""
"aaa_ev_index","2025","Australia","total","BEV",103270,"vehicles","annual_sales","new_vehicle_sales","observed","complete_year","powertrain_total",TRUE,"AAA EV Index rollup across broad light-vehicle types.","A","official_dashboard","Australian Automobile Association","includes_tesla","BEV","light_vehicle","direct_dashboard_complete",0.5,102754,103786,""
"aaa_ev_index","2025","Australia","total","FCEV",2,"vehicles","annual_sales","new_vehicle_sales","observed","complete_year","powertrain_total",TRUE,"AAA EV Index rollup across broad light-vehicle types.","A","official_dashboard","Australian Automobile Association","includes_tesla","FCEV","light_vehicle","direct_dashboard_complete",0.5,2,2,""
"aaa_ev_index","2025","Australia","total","HEV",199133,"vehicles","annual_sales","new_vehicle_sales","observed","complete_year","powertrain_total",TRUE,"AAA EV Index rollup across broad light-vehicle types.","A","official_dashboard","Australian Automobile Association","includes_tesla","HEV","light_vehicle","direct_dashboard_complete",0.5,198137,200129,""
"aaa_ev_index","2025","Australia","total","ICE",834894,"vehicles","annual_sales","new_vehicle_sales","observed","complete_year","powertrain_total",TRUE,"AAA EV Index rollup across broad light-vehicle types.","A","official_dashboard","Australian Automobile Association","includes_tesla","ICE","light_vehicle","direct_dashboard_complete",0.5,830720,839068,""
"aaa_ev_index","2025","Australia","total","PHEV",53484,"vehicles","annual_sales","new_vehicle_sales","observed","complete_year","powertrain_total",TRUE,"AAA EV Index rollup across broad light-vehicle types.","A","official_dashboard","Australian Automobile Association","includes_tesla","PHEV","light_vehicle","direct_dashboard_complete",0.5,53217,53751,""
"aaa_ev_index","2025","Australia","total","total",1190783,"vehicles","annual_sales","new_vehicle_sales","observed","complete_year","market_total",TRUE,"AAA EV Index light-vehicle market rollup across broad vehicle and fuel types.","A","official_dashboard","Australian Automobile Association","includes_tesla","total","light_vehicle","direct_dashboard_complete",0.5,1184829,1196737,"light-vehicle market only; excludes heavy commercial"
"aaa_ev_index","2026","Australia","light_commercial","BEV",186,"vehicles","annual_sales","new_vehicle_sales","observed","partial_year","vehicle_type_powertrain",TRUE,"AAA EV Index direct annual aggregation from state/model/vehicle-type/fuel quarterly rows.","A","official_dashboard","Australian Automobile Association","includes_tesla","BEV","light_vehicle","direct_dashboard_partial",3,180,192,"partial year; do not compare with full-year totals without annualisation"
"aaa_ev_index","2026","Australia","light_commercial","HEV",263,"vehicles","annual_sales","new_vehicle_sales","observed","partial_year","vehicle_type_powertrain",TRUE,"AAA EV Index direct annual aggregation from state/model/vehicle-type/fuel quarterly rows.","A","official_dashboard","Australian Automobile Association","includes_tesla","HEV","light_vehicle","direct_dashboard_partial",3,255,271,"partial year; do not compare with full-year totals without annualisation"
"aaa_ev_index","2026","Australia","light_commercial","ICE",55615,"vehicles","annual_sales","new_vehicle_sales","observed","partial_year","vehicle_type_powertrain",TRUE,"AAA EV Index direct annual aggregation from state/model/vehicle-type/fuel quarterly rows.","A","official_dashboard","Australian Automobile Association","includes_tesla","ICE","light_vehicle","direct_dashboard_partial",3,53947,57283,"partial year; do not compare with full-year totals without annualisation"
"aaa_ev_index","2026","Australia","light_commercial","PHEV",4738,"vehicles","annual_sales","new_vehicle_sales","observed","partial_year","vehicle_type_powertrain",TRUE,"AAA EV Index direct annual aggregation from state/model/vehicle-type/fuel quarterly rows.","A","official_dashboard","Australian Automobile Association","includes_tesla","PHEV","light_vehicle","direct_dashboard_partial",3,4596,4880,"partial year; do not compare with full-year totals without annualisation"
"aaa_ev_index","2026","Australia","light_commercial","total",60802,"vehicles","annual_sales","new_vehicle_sales","observed","partial_year","vehicle_type_total",TRUE,"AAA EV Index rollup across fuel types.","A","official_dashboard","Australian Automobile Association","includes_tesla","total","light_vehicle","direct_dashboard_partial",3,58978,62626,"partial year; do not compare with full-year totals without annualisation"
"aaa_ev_index","2026","Australia","passenger","BEV",6942,"vehicles","annual_sales","new_vehicle_sales","observed","partial_year","vehicle_type_powertrain",TRUE,"AAA EV Index direct annual aggregation from state/model/vehicle-type/fuel quarterly rows.","A","official_dashboard","Australian Automobile Association","includes_tesla","BEV","light_vehicle","direct_dashboard_partial",3,6734,7150,"partial year; do not compare with full-year totals without annualisation"
"aaa_ev_index","2026","Australia","passenger","FCEV",0,"vehicles","annual_sales","new_vehicle_sales","observed","partial_year","vehicle_type_powertrain",TRUE,"AAA EV Index direct annual aggregation from state/model/vehicle-type/fuel quarterly rows.","A","official_dashboard","Australian Automobile Association","includes_tesla","FCEV","light_vehicle","direct_dashboard_partial",3,0,0,"partial year; do not compare with full-year totals without annualisation"
"aaa_ev_index","2026","Australia","passenger","HEV",9198,"vehicles","annual_sales","new_vehicle_sales","observed","partial_year","vehicle_type_powertrain",TRUE,"AAA EV Index direct annual aggregation from state/model/vehicle-type/fuel quarterly rows.","A","official_dashboard","Australian Automobile Association","includes_tesla","HEV","light_vehicle","direct_dashboard_partial",3,8922,9474,"partial year; do not compare with full-year totals without annualisation"
"aaa_ev_index","2026","Australia","passenger","ICE",20015,"vehicles","annual_sales","new_vehicle_sales","observed","partial_year","vehicle_type_powertrain",TRUE,"AAA EV Index direct annual aggregation from state/model/vehicle-type/fuel quarterly rows.","A","official_dashboard","Australian Automobile Association","includes_tesla","ICE","light_vehicle","direct_dashboard_partial",3,19415,20615,"partial year; do not compare with full-year totals without annualisation"
"aaa_ev_index","2026","Australia","passenger","PHEV",334,"vehicles","annual_sales","new_vehicle_sales","observed","partial_year","vehicle_type_powertrain",TRUE,"AAA EV Index direct annual aggregation from state/model/vehicle-type/fuel quarterly rows.","A","official_dashboard","Australian Automobile Association","includes_tesla","PHEV","light_vehicle","direct_dashboard_partial",3,324,344,"partial year; do not compare with full-year totals without annualisation"
"aaa_ev_index","2026","Australia","passenger","total",36489,"vehicles","annual_sales","new_vehicle_sales","observed","partial_year","vehicle_type_total",TRUE,"AAA EV Index rollup across fuel types.","A","official_dashboard","Australian Automobile Association","includes_tesla","total","light_vehicle","direct_dashboard_partial",3,35394,37584,"partial year; do not compare with full-year totals without annualisation"
"aaa_ev_index","2026","Australia","people_mover","BEV",274,"vehicles","annual_sales","new_vehicle_sales","observed","partial_year","vehicle_type_powertrain",TRUE,"AAA EV Index direct annual aggregation from state/model/vehicle-type/fuel quarterly rows.","A","official_dashboard","Australian Automobile Association","includes_tesla","BEV","light_vehicle","direct_dashboard_partial",3,266,282,"partial year; do not compare with full-year totals without annualisation"
"aaa_ev_index","2026","Australia","people_mover","HEV",1274,"vehicles","annual_sales","new_vehicle_sales","observed","partial_year","vehicle_type_powertrain",TRUE,"AAA EV Index direct annual aggregation from state/model/vehicle-type/fuel quarterly rows.","A","official_dashboard","Australian Automobile Association","includes_tesla","HEV","light_vehicle","direct_dashboard_partial",3,1236,1312,"partial year; do not compare with full-year totals without annualisation"
"aaa_ev_index","2026","Australia","people_mover","ICE",2573,"vehicles","annual_sales","new_vehicle_sales","observed","partial_year","vehicle_type_powertrain",TRUE,"AAA EV Index direct annual aggregation from state/model/vehicle-type/fuel quarterly rows.","A","official_dashboard","Australian Automobile Association","includes_tesla","ICE","light_vehicle","direct_dashboard_partial",3,2496,2650,"partial year; do not compare with full-year totals without annualisation"
"aaa_ev_index","2026","Australia","people_mover","total",4121,"vehicles","annual_sales","new_vehicle_sales","observed","partial_year","vehicle_type_total",TRUE,"AAA EV Index rollup across fuel types.","A","official_dashboard","Australian Automobile Association","includes_tesla","total","light_vehicle","direct_dashboard_partial",3,3997,4245,"partial year; do not compare with full-year totals without annualisation"
"aaa_ev_index","2026","Australia","SUV","BEV",27033,"vehicles","annual_sales","new_vehicle_sales","observed","partial_year","vehicle_type_powertrain",TRUE,"AAA EV Index direct annual aggregation from state/model/vehicle-type/fuel quarterly rows.","A","official_dashboard","Australian Automobile Association","includes_tesla","BEV","light_vehicle","direct_dashboard_partial",3,26222,27844,"partial year; do not compare with full-year totals without annualisation"
"aaa_ev_index","2026","Australia","SUV","FCEV",0,"vehicles","annual_sales","new_vehicle_sales","observed","partial_year","vehicle_type_powertrain",TRUE,"AAA EV Index direct annual aggregation from state/model/vehicle-type/fuel quarterly rows.","A","official_dashboard","Australian Automobile Association","includes_tesla","FCEV","light_vehicle","direct_dashboard_partial",3,0,0,"partial year; do not compare with full-year totals without annualisation"
"aaa_ev_index","2026","Australia","SUV","HEV",36210,"vehicles","annual_sales","new_vehicle_sales","observed","partial_year","vehicle_type_powertrain",TRUE,"AAA EV Index direct annual aggregation from state/model/vehicle-type/fuel quarterly rows.","A","official_dashboard","Australian Automobile Association","includes_tesla","HEV","light_vehicle","direct_dashboard_partial",3,35124,37296,"partial year; do not compare with full-year totals without annualisation"
"aaa_ev_index","2026","Australia","SUV","ICE",102336,"vehicles","annual_sales","new_vehicle_sales","observed","partial_year","vehicle_type_powertrain",TRUE,"AAA EV Index direct annual aggregation from state/model/vehicle-type/fuel quarterly rows.","A","official_dashboard","Australian Automobile Association","includes_tesla","ICE","light_vehicle","direct_dashboard_partial",3,99266,105406,"partial year; do not compare with full-year totals without annualisation"
"aaa_ev_index","2026","Australia","SUV","PHEV",14112,"vehicles","annual_sales","new_vehicle_sales","observed","partial_year","vehicle_type_powertrain",TRUE,"AAA EV Index direct annual aggregation from state/model/vehicle-type/fuel quarterly rows.","A","official_dashboard","Australian Automobile Association","includes_tesla","PHEV","light_vehicle","direct_dashboard_partial",3,13689,14535,"partial year; do not compare with full-year totals without annualisation"
"aaa_ev_index","2026","Australia","SUV","total",179691,"vehicles","annual_sales","new_vehicle_sales","observed","partial_year","vehicle_type_total",TRUE,"AAA EV Index rollup across fuel types.","A","official_dashboard","Australian Automobile Association","includes_tesla","total","light_vehicle","direct_dashboard_partial",3,174300,185082,"partial year; do not compare with full-year totals without annualisation"
"aaa_ev_index","2026","Australia","total","BEV",34435,"vehicles","annual_sales","new_vehicle_sales","observed","partial_year","powertrain_total",TRUE,"AAA EV Index rollup across broad light-vehicle types.","A","official_dashboard","Australian Automobile Association","includes_tesla","BEV","light_vehicle","direct_dashboard_partial",3,33402,35468,"partial year; do not compare with full-year totals without annualisation"
"aaa_ev_index","2026","Australia","total","FCEV",0,"vehicles","annual_sales","new_vehicle_sales","observed","partial_year","powertrain_total",TRUE,"AAA EV Index rollup across broad light-vehicle types.","A","official_dashboard","Australian Automobile Association","includes_tesla","FCEV","light_vehicle","direct_dashboard_partial",3,0,0,"partial year; do not compare with full-year totals without annualisation"
"aaa_ev_index","2026","Australia","total","HEV",46945,"vehicles","annual_sales","new_vehicle_sales","observed","partial_year","powertrain_total",TRUE,"AAA EV Index rollup across broad light-vehicle types.","A","official_dashboard","Australian Automobile Association","includes_tesla","HEV","light_vehicle","direct_dashboard_partial",3,45537,48353,"partial year; do not compare with full-year totals without annualisation"
"aaa_ev_index","2026","Australia","total","ICE",180539,"vehicles","annual_sales","new_vehicle_sales","observed","partial_year","powertrain_total",TRUE,"AAA EV Index rollup across broad light-vehicle types.","A","official_dashboard","Australian Automobile Association","includes_tesla","ICE","light_vehicle","direct_dashboard_partial",3,175123,185955,"partial year; do not compare with full-year totals without annualisation"
"aaa_ev_index","2026","Australia","total","PHEV",19184,"vehicles","annual_sales","new_vehicle_sales","observed","partial_year","powertrain_total",TRUE,"AAA EV Index rollup across broad light-vehicle types.","A","official_dashboard","Australian Automobile Association","includes_tesla","PHEV","light_vehicle","direct_dashboard_partial",3,18608,19760,"partial year; do not compare with full-year totals without annualisation"
"aaa_ev_index","2026","Australia","total","total",281103,"vehicles","annual_sales","new_vehicle_sales","observed","partial_year","market_total",TRUE,"AAA EV Index light-vehicle market rollup across broad vehicle and fuel types.","A","official_dashboard","Australian Automobile Association","includes_tesla","total","light_vehicle","direct_dashboard_partial",3,272670,289536,"partial year; do not compare with full-year totals without annualisation"
