period,geography,rank,make,model,vehicle_type_reported,sales,unit,source_id,notes
2024,Australia,1,Ford,Ranger,Ute,62593,vehicles,chasingcars_2024_top100,"Includes 4x4 and 4x2 variants; Chasing Cars reports nearly 58000 4x4 and 4633 4x2."
2024,Australia,2,Toyota,RAV4,Midsize SUV,58718,vehicles,chasingcars_2024_top100,"Chasing Cars reports 55902 petrol-electric hybrid sales."
2024,Australia,3,Toyota,Hilux,Ute,53499,vehicles,chasingcars_2024_top100,""
2024,Australia,4,Isuzu,D-Max,Ute,30194,vehicles,chasingcars_2024_top100,""
2024,Australia,5,Mitsubishi,Outlander,Midsize SUV,27613,vehicles,chasingcars_2024_top100,"Includes ICE and PHEV variants."
2024,Australia,6,Ford,Everest,Large SUV,26494,vehicles,chasingcars_2024_top100,"Ranger-derived SUV."
2024,Australia,7,Toyota,Corolla,Small car,24027,vehicles,chasingcars_2024_top100,"Chasing Cars notes Corolla went exclusively hybrid in 2024."
2024,Australia,8,Mazda,CX-5,Midsize SUV,22835,vehicles,chasingcars_2024_top100,""
2024,Australia,9,MG,ZS,Small SUV,22629,vehicles,chasingcars_2024_top100,"Includes outgoing/new-generation mix; legacy ZS EV may be included depending VFACTS model treatment."
2024,Australia,10,Kia,Sportage,Midsize SUV,22210,vehicles,chasingcars_2024_top100,"Hybrid variant added in 2024."
2024,Australia,11,Tesla,Model Y,Midsize SUV,21253,vehicles,chasingcars_2024_top100,"BEV."
2024,Australia,12,Hyundai,Tucson,Midsize SUV,19061,vehicles,chasingcars_2024_top100,"Hybrid variant added in 2024."
2024,Australia,13,Mazda,CX-3,Small SUV,18461,vehicles,chasingcars_2024_top100,""
2024,Australia,14,Mitsubishi,Triton,Ute,18077,vehicles,chasingcars_2024_top100,""
2024,Australia,15,Isuzu,MU-X,Large SUV,17978,vehicles,chasingcars_2024_top100,"D-Max-based SUV."
2024,Australia,16,Nissan,X-Trail,Midsize SUV,17494,vehicles,chasingcars_2024_top100,"Includes e-Power hybrid variants."
2024,Australia,17,Hyundai,Kona,Small SUV,17374,vehicles,chasingcars_2024_top100,"Includes ICE, HEV, and BEV variants."
2024,Australia,18,Tesla,Model 3,Midsize car,17094,vehicles,chasingcars_2024_top100,"BEV."
2024,Australia,19,Kia,Cerato,Small car,15502,vehicles,chasingcars_2024_top100,""
2024,Australia,20,Toyota,Camry,Midsize car,15401,vehicles,chasingcars_2024_top100,"Hybrid-heavy; model became hybrid-only in later Australian supply."
2024,Australia,21,Toyota,LandCruiser,Large SUV,15257,vehicles,chasingcars_2024_top100,""
2024,Australia,22,Mazda,BT-50,Ute,15164,vehicles,chasingcars_2024_top100,""
2024,Australia,23,GWM Haval,Jolion,Small SUV,14238,vehicles,chasingcars_2024_top100,"Includes petrol and hybrid variants."
2024,Australia,24,Subaru,Forester,Midsize SUV,13445,vehicles,chasingcars_2024_top100,"Includes petrol and hybrid variants."
2024,Australia,25,Hyundai,i30,Small car,12682,vehicles,chasingcars_2024_top100,""
2024,Australia,26,Mazda,CX-30,Small SUV,12672,vehicles,chasingcars_2024_top100,""
2024,Australia,27,MG,MG3,City car,12563,vehicles,chasingcars_2024_top100,"Includes petrol and hybrid generations depending launch timing."
2024,Australia,28,Mitsubishi,ASX,Small SUV,12330,vehicles,chasingcars_2024_top100,""
2024,Australia,29,Toyota,LC70,Ute,11929,vehicles,chasingcars_2024_top100,"LandCruiser 70 Series."
2024,Australia,30,Subaru,Crosstrek,Small SUV,11545,vehicles,chasingcars_2024_top100,"Includes petrol and hybrid variants."
2024,Australia,31,Mazda,3,Small car,10528,vehicles,chasingcars_2024_top100,""
2024,Australia,32,Subaru,Outback,Large SUV,10227,vehicles,chasingcars_2024_top100,""
2024,Australia,33,Kia,Carnival,People-mover,10080,vehicles,chasingcars_2024_top100,""
2024,Australia,34,Nissan,Navara,Ute,10063,vehicles,chasingcars_2024_top100,""
2024,Australia,35,Toyota,Kluger,Large SUV,9868,vehicles,chasingcars_2024_top100,"Includes petrol and hybrid variants."
2024,Australia,36,Toyota,Prado,Large SUV,9802,vehicles,chasingcars_2024_top100,""
2024,Australia,37,Kia,Sorento,Large SUV,9791,vehicles,chasingcars_2024_top100,"Includes petrol, diesel, hybrid, and PHEV variants."
2024,Australia,38,Suzuki,Jimny,Small SUV,9697,vehicles,chasingcars_2024_top100,""
2024,Australia,39,Mitsubishi,Eclipse Cross,Small SUV,9221,vehicles,chasingcars_2024_top100,"Includes ICE and PHEV variants."
2024,Australia,40,GWM Haval,H6,Midsize SUV,8973,vehicles,chasingcars_2024_top100,"Includes petrol and hybrid variants."
2024,Australia,41,Toyota,Corolla Cross,Small SUV,8902,vehicles,chasingcars_2024_top100,"Includes petrol and hybrid variants."
2024,Australia,42,Volkswagen,Amarok,Ute,8400,vehicles,chasingcars_2024_top100,""
2024,Australia,43,Nissan,Patrol,Large SUV,8293,vehicles,chasingcars_2024_top100,""
2024,Australia,44,Toyota,Yaris Cross,Small SUV,8206,vehicles,chasingcars_2024_top100,"Includes petrol and hybrid variants."
2024,Australia,45,GWM,Ute,Ute,8161,vehicles,chasingcars_2024_top100,""
2024,Australia,46,Volkswagen,T-Roc,Small SUV,7777,vehicles,chasingcars_2024_top100,""
2024,Australia,47,Mitsubishi,Pajero Sport,Large SUV,7306,vehicles,chasingcars_2024_top100,""
2024,Australia,48,Hyundai,Venue,Small SUV,6949,vehicles,chasingcars_2024_top100,""
2024,Australia,49,MG,MG4,Small car,6934,vehicles,chasingcars_2024_top100,"BEV."
2024,Australia,50,Nissan,Qashqai,Small SUV,6560,vehicles,chasingcars_2024_top100,"Includes mild-hybrid/e-Power depending variant availability."
2024,Australia,51,BYD,Seal,Midsize car,6393,vehicles,chasingcars_2024_top100,"BEV."
2024,Australia,52,LDV,T60,Ute,6330,vehicles,chasingcars_2024_top100,"Diesel in 2024 top seller context; electric eT60 low-volume separate treatment uncertain."
2024,Australia,53,BYD,Sealion 6,Midsize SUV,6198,vehicles,chasingcars_2024_top100,"PHEV."
2024,Australia,54,Kia,Stonic,Small SUV,6189,vehicles,chasingcars_2024_top100,""
2024,Australia,55,Chery,Omoda 5,Small SUV,6162,vehicles,chasingcars_2024_top100,"Mostly ICE in 2024; EV variant treatment to verify."
2024,Australia,56,Suzuki,Swift,City car,6126,vehicles,chasingcars_2024_top100,"Includes mild hybrid depending variant/generation."
2024,Australia,57,Lexus,NX,Midsize SUV,6123,vehicles,chasingcars_2024_top100,"Includes HEV and PHEV variants."
2024,Australia,58,Kia,Picanto,Micro car,5822,vehicles,chasingcars_2024_top100,""
2024,Australia,59,BYD,Atto 3,Midsize SUV,5751,vehicles,chasingcars_2024_top100,"BEV."
2024,Australia,60,Honda,CR-V,Midsize SUV,5547,vehicles,chasingcars_2024_top100,"Includes petrol and hybrid variants."
2024,Australia,61,Audi,Q3,Small SUV,5497,vehicles,chasingcars_2024_top100,""
2024,Australia,62,Hyundai,Santa Fe,Large SUV,5392,vehicles,chasingcars_2024_top100,"Includes hybrid variants."
2024,Australia,63,Mazda,2,City car,5365,vehicles,chasingcars_2024_top100,""
2024,Australia,64,Volkswagen,Tiguan,Midsize SUV,4582,vehicles,chasingcars_2024_top100,""
2024,Australia,65,MG,HS,Midsize SUV,4552,vehicles,chasingcars_2024_top100,"Includes ICE/PHEV depending variant availability."
2024,Australia,66,BMW,X1,Small SUV,4536,vehicles,chasingcars_2024_top100,"Includes ICE and EV/iX1 depending VFACTS model treatment."
2024,Australia,67,Mercedes-Benz,GLC,Midsize SUV,4438,vehicles,chasingcars_2024_top100,"Includes mild-hybrid/PHEV variants."
2024,Australia,68,Volkswagen,Tiguan Allspace,Large SUV,4211,vehicles,chasingcars_2024_top100,""
2024,Australia,69,Honda,ZR-V,Midsize SUV,4092,vehicles,chasingcars_2024_top100,"Includes petrol and hybrid variants."
2024,Australia,70,Mazda,CX-60,Midsize SUV,4058,vehicles,chasingcars_2024_top100,"Includes ICE mild-hybrid and PHEV variants."
2024,Australia,71,GWM,Tank 300,Large SUV,3968,vehicles,chasingcars_2024_top100,"Includes petrol and hybrid variants."
2024,Australia,72,GWM Haval,H6 GT,Midsize SUV,3443,vehicles,chasingcars_2024_top100,""
2024,Australia,73,BMW,X3,Midsize SUV,3374,vehicles,chasingcars_2024_top100,"Includes ICE/PHEV depending variant availability."
2024,Australia,74,Honda,HR-V,Small SUV,3350,vehicles,chasingcars_2024_top100,"Includes petrol and hybrid variants."
2024,Australia,75,Porsche,Macan,Midsize SUV,3323,vehicles,chasingcars_2024_top100,"Mostly ICE in 2024; EV launch timing to verify."
2024,Australia,76,Ram,1500,Ute,3239,vehicles,chasingcars_2024_top100,""
2024,Australia,77,Land Rover,Defender,Large SUV,3209,vehicles,chasingcars_2024_top100,""
2024,Australia,78,Ssangyong,Musso,Ute,3197,vehicles,chasingcars_2024_top100,""
2024,Australia,79,BMW,X5,Large SUV,3157,vehicles,chasingcars_2024_top100,"Includes ICE/PHEV depending variant availability."
2024,Australia,80,Volvo,XC40,Small SUV,3142,vehicles,chasingcars_2024_top100,"Includes ICE/mild-hybrid and BEV depending VFACTS treatment."
2024,Australia,81,Mercedes-Benz,GLA,Small SUV,3103,vehicles,chasingcars_2024_top100,""
2024,Australia,82,Hyundai,Palisade,Large SUV,3062,vehicles,chasingcars_2024_top100,""
2024,Australia,83,Toyota,Fortuner,Large SUV,3042,vehicles,chasingcars_2024_top100,""
2024,Australia,84,Suzuki,Vitara,Small SUV,2934,vehicles,chasingcars_2024_top100,""
2024,Australia,85,Volkswagen,Golf,Small car,2929,vehicles,chasingcars_2024_top100,""
2024,Australia,86,Toyota,C-HR,Small SUV,2828,vehicles,chasingcars_2024_top100,"Hybrid-only/new-gen mix to verify."
2024,Australia,87,Audi,Q5,Midsize SUV,2737,vehicles,chasingcars_2024_top100,"Includes ICE/PHEV depending variant availability."
2024,Australia,88,Chery,Tiggo 7 Pro,Midsize SUV,2734,vehicles,chasingcars_2024_top100,""
2024,Australia,89,Mazda,CX-8,Large SUV,2647,vehicles,chasingcars_2024_top100,""
2024,Australia,90,BMW,3 Series,Midsize car,2472,vehicles,chasingcars_2024_top100,"Includes ICE/PHEV depending variant availability."
2024,Australia,91,Ford,F-150,Ute,2428,vehicles,chasingcars_2024_top100,""
2024,Australia,92,Chevrolet,Silverado,Ute,2389,vehicles,chasingcars_2024_top100,""
2024,Australia,93,Audi,A3,Small car,2375,vehicles,chasingcars_2024_top100,""
2024,Australia,94,LDV,D90,Large SUV,2358,vehicles,chasingcars_2024_top100,""
2024,Australia,95,Toyota,Yaris,City car,2263,vehicles,chasingcars_2024_top100,"Hybrid-only/new-gen mix to verify."
2024,Australia,96,Range Rover,Sport,Large SUV,2206,vehicles,chasingcars_2024_top100,"Includes ICE/PHEV depending variant availability."
2024,Australia,97,Subaru,WRX,Small car,2188,vehicles,chasingcars_2024_top100,""
2024,Australia,98,Volkswagen,Polo,City car,2154,vehicles,chasingcars_2024_top100,""
2024,Australia,99,Volvo,EX30,Small SUV,2129,vehicles,chasingcars_2024_top100,"BEV."
2024,Australia,100,BYD,Dolphin,City car,2116,vehicles,chasingcars_2024_top100,"BEV."
2021,Australia,1,Toyota,Hilux,Ute,52801,vehicles,carexpert_2021_full,"Top-20 model list."
2021,Australia,2,Ford,Ranger,Ute,50279,vehicles,carexpert_2021_full,"Top-20 model list."
2021,Australia,3,Toyota,RAV4,Midsize SUV,35751,vehicles,carexpert_2021_full,"CarExpert notes about three-quarters were hybrids."
2021,Australia,4,Toyota,Corolla,Small car,28768,vehicles,carexpert_2021_full,"Top-20 model list."
2021,Australia,5,Hyundai,i30,Small car,25575,vehicles,carexpert_2021_full,"Top-20 model list."
2021,Australia,6,Isuzu,D-Max,Ute,25117,vehicles,carexpert_2021_full,"Top-20 model list."
2021,Australia,7,Mazda,CX-5,Midsize SUV,24968,vehicles,carexpert_2021_full,"Top-20 model list."
2021,Australia,8,Toyota,Prado,Large SUV,21299,vehicles,carexpert_2021_full,"Top-20 model list."
2021,Australia,9,Mitsubishi,Triton,Ute,19232,vehicles,carexpert_2021_full,"Top-20 model list."
2021,Australia,10,MG,ZS,Small SUV,18423,vehicles,carexpert_2021_full,"Top-20 model list."
2021,Australia,11,Kia,Cerato,Small car,18114,vehicles,carexpert_2021_full,"Top-20 model list."
2021,Australia,12,Mazda,BT-50,Ute,15662,vehicles,carexpert_2021_full,"Top-20 model list."
2021,Australia,13,Nissan,Navara,Ute,15113,vehicles,carexpert_2021_full,"Top-20 model list."
2021,Australia,14,Mitsubishi,ASX,Small SUV,14764,vehicles,carexpert_2021_full,"Top-20 model list."
2021,Australia,15,Mitsubishi,Outlander,Midsize SUV,14572,vehicles,carexpert_2021_full,"Top-20 model list."
2021,Australia,16,Toyota,LandCruiser,Upper Large SUV,14356,vehicles,carexpert_2021_full,"Listed as Toyota L'Cruiser Wagon in source."
2021,Australia,17,Hyundai,Tucson,Midsize SUV,14194,vehicles,carexpert_2021_full,"Top-20 model list."
2021,Australia,18,Mazda,3,Small car,14126,vehicles,carexpert_2021_full,"Top-20 model list."
2021,Australia,19,Nissan,X-Trail,Midsize SUV,13860,vehicles,carexpert_2021_full,"Top-20 model list."
2021,Australia,20,MG,MG3,Light car,13774,vehicles,carexpert_2021_full,"Top-20 model list."
2022,Australia,1,Toyota,Hilux,Ute,64391,vehicles,carexpert_2022_full,"Top-20 model list."
2022,Australia,2,Ford,Ranger,Ute,47479,vehicles,carexpert_2022_full,"Top-20 model list."
2022,Australia,3,Toyota,RAV4,Midsize SUV,34845,vehicles,carexpert_2022_full,"Top-20 model list."
2022,Australia,4,Mitsubishi,Triton,Ute,27436,vehicles,carexpert_2022_full,"Top-20 model list."
2022,Australia,5,Mazda,CX-5,Midsize SUV,27062,vehicles,carexpert_2022_full,"Top-20 model list."
2022,Australia,6,Toyota,Corolla,Small car,25284,vehicles,carexpert_2022_full,"Top-20 model list."
2022,Australia,7,Isuzu,D-Max,Ute,24336,vehicles,carexpert_2022_full,"Top-20 model list."
2022,Australia,8,MG,ZS,Small SUV,22466,vehicles,carexpert_2022_full,"Top-20 model list."
2022,Australia,9,Hyundai,i30,Small car,21166,vehicles,carexpert_2022_full,"Top-20 model list."
2022,Australia,10,Toyota,Prado,Large SUV,21102,vehicles,carexpert_2022_full,"Top-20 model list."
2022,Australia,11,Mitsubishi,Outlander,Midsize SUV,19546,vehicles,carexpert_2022_full,"Top-20 model list."
2022,Australia,12,Kia,Sportage,Midsize SUV,18792,vehicles,carexpert_2022_full,"Top-20 model list."
2022,Australia,13,Hyundai,Tucson,Midsize SUV,17870,vehicles,carexpert_2022_full,"Top-20 model list."
2022,Australia,14,MG,MG3,Light car,16168,vehicles,carexpert_2022_full,"Top-20 model list."
2022,Australia,15,Mazda,CX-30,Small SUV,13891,vehicles,carexpert_2022_full,"Top-20 model list."
2022,Australia,16,Toyota,LandCruiser,Upper Large SUV,13152,vehicles,carexpert_2022_full,"Listed as Toyota LandCruiser wagon in source."
2022,Australia,17,Mazda,BT-50,Ute,12937,vehicles,carexpert_2022_full,"Top-20 model list."
2022,Australia,18,Toyota,Kluger,Large SUV,12562,vehicles,carexpert_2022_full,"Top-20 model list."
2022,Australia,19,Kia,Cerato,Small car,12354,vehicles,carexpert_2022_full,"Top-20 model list."
2022,Australia,20,Mazda,CX-3,Light SUV,11907,vehicles,carexpert_2022_full,"Top-20 model list."
2020,Australia,1,Toyota,Hilux,Ute,45176,vehicles,carsguide_2020_top100,"Top-100 model list."
2020,Australia,2,Ford,Ranger,Ute,40973,vehicles,carsguide_2020_top100,"Top-100 model list."
2020,Australia,3,Toyota,RAV4,Midsize SUV,38357,vehicles,carsguide_2020_top100,"Top-100 model list."
2020,Australia,4,Toyota,Corolla,Small car,25882,vehicles,carsguide_2020_top100,"Top-100 model list."
2020,Australia,5,Mazda,CX-5,Midsize SUV,21979,vehicles,carsguide_2020_top100,"Top-100 model list."
2020,Australia,6,Hyundai,i30,Small car,20734,vehicles,carsguide_2020_top100,"Top-100 model list."
2020,Australia,7,Mitsubishi,Triton,Ute,18136,vehicles,carsguide_2020_top100,"Top-100 model list."
2020,Australia,8,Toyota,Prado,Large SUV,18034,vehicles,carsguide_2020_top100,"Top-100 model list."
2020,Australia,9,Kia,Cerato,Small car,17559,vehicles,carsguide_2020_top100,"Top-100 model list."
2020,Australia,10,Hyundai,Tucson,Midsize SUV,15789,vehicles,carsguide_2020_top100,"Top-100 model list."
2020,Australia,11,Toyota,LandCruiser,Upper Large SUV,15078,vehicles,carsguide_2020_top100,"Listed as Toyota LandCruiser wagon in source."
2020,Australia,12,Isuzu,D-Max,Ute,15062,vehicles,carsguide_2020_top100,"Top-100 model list."
2020,Australia,13,Mazda,3,Small car,14663,vehicles,carsguide_2020_top100,"Listed as Mazda3 in source."
2020,Australia,14,Nissan,X-Trail,Midsize SUV,14291,vehicles,carsguide_2020_top100,"Top-100 model list."
2020,Australia,15,Mitsubishi,ASX,Small SUV,14056,vehicles,carsguide_2020_top100,"Top-100 model list."
2020,Australia,16,Mazda,CX-3,Small SUV,13953,vehicles,carsguide_2020_top100,"Top-100 model list."
2020,Australia,17,Toyota,Camry,Midsize car,13727,vehicles,carsguide_2020_top100,"Top-100 model list."
2020,Australia,18,Hyundai,Kona,Small SUV,12514,vehicles,carsguide_2020_top100,"Top-100 model list."
2020,Australia,19,Subaru,Forester,Midsize SUV,12300,vehicles,carsguide_2020_top100,"Top-100 model list."
2020,Australia,20,Mitsubishi,Outlander,Midsize SUV,12004,vehicles,carsguide_2020_top100,"Top-100 model list."
2020,Australia,21,Nissan,Navara,Ute,11486,vehicles,carsguide_2020_top100,"Top-100 model list."
2020,Australia,22,Toyota,LC70,Ute,10064,vehicles,carsguide_2020_top100,"Listed as Toyota LandCruiser 70 Series in source."
2020,Australia,23,Volkswagen,Golf,Small car,10012,vehicles,carsguide_2020_top100,"Top-100 model list."
2020,Australia,24,Kia,Seltos,Small SUV,9966,vehicles,carsguide_2020_top100,"Top-100 model list."
2020,Australia,25,Mazda,BT-50,Ute,9588,vehicles,carsguide_2020_top100,"Top-100 model list."
2020,Australia,26,Kia,Sportage,Midsize SUV,9579,vehicles,carsguide_2020_top100,"Top-100 model list."
2020,Australia,27,Honda,CR-V,Midsize SUV,9523,vehicles,carsguide_2020_top100,"Top-100 model list."
2020,Australia,28,Mazda,CX-30,Small SUV,8998,vehicles,carsguide_2020_top100,"Top-100 model list."
2020,Australia,29,Toyota,C-HR,Small SUV,8500,vehicles,carsguide_2020_top100,"Top-100 model list."
2020,Australia,30,Toyota,Kluger,Large SUV,8403,vehicles,carsguide_2020_top100,"Top-100 model list."
2020,Australia,31,Toyota,HiAce,Van,8391,vehicles,carsguide_2020_top100,"Listed as Toyota HiAce van in source."
2020,Australia,32,Honda,HR-V,Small SUV,8181,vehicles,carsguide_2020_top100,"Top-100 model list."
2020,Australia,33,Subaru,XV,Small SUV,7946,vehicles,carsguide_2020_top100,"Top-100 model list."
2020,Australia,34,Holden,Colorado,Ute,7559,vehicles,carsguide_2020_top100,"Top-100 model list."
2020,Australia,35,Honda,Civic,Small car,7194,vehicles,carsguide_2020_top100,"Top-100 model list."
2020,Australia,36,MG,MG3,Light car,7158,vehicles,carsguide_2020_top100,"Top-100 model list."
2020,Australia,37,Nissan,Qashqai,Small SUV,7057,vehicles,carsguide_2020_top100,"Top-100 model list."
2020,Australia,38,Isuzu,MU-X,Large SUV,7049,vehicles,carsguide_2020_top100,"Top-100 model list."
2020,Australia,39,Mazda,CX-9,Large SUV,6747,vehicles,carsguide_2020_top100,"Top-100 model list."
2020,Australia,40,Volkswagen,Amarok,Ute,6349,vehicles,carsguide_2020_top100,"Top-100 model list."
2020,Australia,41,Mercedes-Benz,A-Class,Small car,6054,vehicles,carsguide_2020_top100,"Top-100 model list."
2020,Australia,42,Mitsubishi,Pajero Sport,Large SUV,6017,vehicles,carsguide_2020_top100,"Top-100 model list."
2020,Australia,43,Ford,Everest,Large SUV,5996,vehicles,carsguide_2020_top100,"Top-100 model list."
2020,Australia,44,Volkswagen,Tiguan,Midsize SUV,5611,vehicles,carsguide_2020_top100,"Top-100 model list."
2020,Australia,45,LDV,T60,Ute,5581,vehicles,carsguide_2020_top100,"Top-100 model list."
2020,Australia,46,MG,ZS,Small SUV,5494,vehicles,carsguide_2020_top100,"Top-100 model list."
2020,Australia,47,Toyota,Yaris,Light car,5027,vehicles,carsguide_2020_top100,"Top-100 model list."
2020,Australia,48,Kia,Rio,Light car,4952,vehicles,carsguide_2020_top100,"Top-100 model list."
2020,Australia,49,Subaru,Outback,Large SUV,4928,vehicles,carsguide_2020_top100,"Top-100 model list."
2020,Australia,50,Hyundai,Santa Fe,Large SUV,4615,vehicles,carsguide_2020_top100,"Top-100 model list."
2020,Australia,51,Kia,Sorento,Large SUV,4547,vehicles,carsguide_2020_top100,"Top-100 model list."
2020,Australia,52,Mitsubishi,Eclipse Cross,Small SUV,4517,vehicles,carsguide_2020_top100,"Top-100 model list."
2020,Australia,53,Mercedes-Benz,GLC,Midsize SUV,4470,vehicles,carsguide_2020_top100,"Listed as Mercedes-Benz GLC wagon in source."
2020,Australia,54,Suzuki,Vitara,Small SUV,4386,vehicles,carsguide_2020_top100,"Top-100 model list."
2020,Australia,55,BMW,X3,Midsize SUV,4360,vehicles,carsguide_2020_top100,"Top-100 model list."
2020,Australia,56,Suzuki,Swift,Light car,4332,vehicles,carsguide_2020_top100,"Top-100 model list."
2020,Australia,57,Audi,Q3,Small SUV,4090,vehicles,carsguide_2020_top100,"Top-100 model list."
2020,Australia,58,Hyundai,iLoad,Van,3939,vehicles,carsguide_2020_top100,"Top-100 model list."
2020,Australia,59,Kia,Picanto,Micro car,3891,vehicles,carsguide_2020_top100,"Top-100 model list."
2020,Australia,60,Mazda,2,Light car,3790,vehicles,carsguide_2020_top100,"Listed as Mazda2 in source."
2020,Australia,61,Mazda,CX-8,Large SUV,3738,vehicles,carsguide_2020_top100,"Top-100 model list."
2020,Australia,62,Hyundai,Venue,Small SUV,3678,vehicles,carsguide_2020_top100,"Top-100 model list."
2020,Australia,63,Kia,Carnival,People-mover,3650,vehicles,carsguide_2020_top100,"Top-100 model list."
2020,Australia,64,Volkswagen,Polo,Light car,3602,vehicles,carsguide_2020_top100,"Top-100 model list."
2020,Australia,65,Volkswagen,Tiguan Allspace,Large SUV,3537,vehicles,carsguide_2020_top100,"Top-100 model list."
2020,Australia,66,Lexus,NX,Midsize SUV,3518,vehicles,carsguide_2020_top100,"Top-100 model list."
2020,Australia,67,BMW,3 Series,Midsize car,3406,vehicles,carsguide_2020_top100,"Top-100 model list."
2020,Australia,68,Subaru,Impreza,Small car,3390,vehicles,carsguide_2020_top100,"Top-100 model list."
2020,Australia,69,Mercedes-Benz,C-Class,Midsize car,3378,vehicles,carsguide_2020_top100,"Top-100 model list."
2020,Australia,70,Suzuki,Baleno,Light car,3326,vehicles,carsguide_2020_top100,"Top-100 model list."
2020,Australia,71,Ram,1500,Ute,3299,vehicles,carsguide_2020_top100,"Top-100 model list."
2020,Australia,72,Volvo,XC40,Small SUV,3229,vehicles,carsguide_2020_top100,"Top-100 model list."
2020,Australia,73,Mercedes-Benz,GLA,Small SUV,3173,vehicles,carsguide_2020_top100,"Top-100 model list."
2020,Australia,74,BMW,X1,Small SUV,3060,vehicles,carsguide_2020_top100,"Top-100 model list."
2020,Australia,75,Audi,Q5,Midsize SUV,2992,vehicles,carsguide_2020_top100,"Top-100 model list."
2020,Australia,76,BMW,X5,Large SUV,2956,vehicles,carsguide_2020_top100,"Top-100 model list."
2020,Australia,77,Ford,Mustang,Sports car,2923,vehicles,carsguide_2020_top100,"Top-100 model list."
2020,Australia,78,Toyota,Fortuner,Large SUV,2883,vehicles,carsguide_2020_top100,"Top-100 model list."
2020,Australia,79,Jeep,Grand Cherokee,Large SUV,2870,vehicles,carsguide_2020_top100,"Top-100 model list."
2020,Australia,80,Volvo,XC60,Midsize SUV,2858,vehicles,carsguide_2020_top100,"Top-100 model list."
2020,Australia,81,Mercedes-Benz,GLE,Large SUV,2854,vehicles,carsguide_2020_top100,"Listed as Mercedes-Benz GLE wagon in source."
2020,Australia,82,Nissan,Patrol,Upper Large SUV,2820,vehicles,carsguide_2020_top100,"Top-100 model list."
2020,Australia,83,Audi,A3,Small car,2778,vehicles,carsguide_2020_top100,"Top-100 model list."
2020,Australia,84,Honda,Jazz,Light car,2692,vehicles,carsguide_2020_top100,"Top-100 model list."
2020,Australia,85,Volkswagen,T-Cross,Small SUV,2646,vehicles,carsguide_2020_top100,"Top-100 model list."
2020,Australia,86,MG,HS,Midsize SUV,2600,vehicles,carsguide_2020_top100,"Top-100 model list."
2020,Australia,87,Renault,Koleos,Midsize SUV,2408,vehicles,carsguide_2020_top100,"Top-100 model list."
2020,Australia,88,Mitsubishi,Pajero,Large SUV,2399,vehicles,carsguide_2020_top100,"Top-100 model list."
2020,Australia,89,Mercedes-Benz,X-Class,Ute,2386,vehicles,carsguide_2020_top100,"Top-100 model list."
2020,Australia,90,Ford,Transit Custom,Van,2379,vehicles,carsguide_2020_top100,"Top-100 model list."
2020,Australia,91,Suzuki,Jimny,Small SUV,2368,vehicles,carsguide_2020_top100,"Top-100 model list."
2020,Australia,92,Holden,Trax,Small SUV,2314,vehicles,carsguide_2020_top100,"Top-100 model list."
2020,Australia,93,BMW,1 Series,Small car,2309,vehicles,carsguide_2020_top100,"Top-100 model list."
2020,Australia,94,Porsche,Macan,Midsize SUV,2158,vehicles,carsguide_2020_top100,"Top-100 model list."
2020,Australia,95,Skoda,Octavia,Midsize car,2111,vehicles,carsguide_2020_top100,"Top-100 model list."
2020,Australia,96,Mercedes-Benz,CLA,Small car,2082,vehicles,carsguide_2020_top100,"Top-100 model list."
2020,Australia,97,Toyota,HiAce Commuter,Bus,2027,vehicles,carsguide_2020_top100,"Top-100 model list."
2020,Australia,98,Haval,H2,Small SUV,1988,vehicles,carsguide_2020_top100,"Top-100 model list."
2020,Australia,99,Ford,Escape,Midsize SUV,1971,vehicles,carsguide_2020_top100,"Top-100 model list."
2020,Australia,100,Lexus,RX,Large SUV,1879,vehicles,carsguide_2020_top100,"Top-100 model list."
2019,Australia,1,Toyota,Hilux,Ute,47759,vehicles,carsguide_2019_top100,"Top-100 model list."
2019,Australia,2,Ford,Ranger,Ute,40960,vehicles,carsguide_2019_top100,"Top-100 model list."
2019,Australia,3,Toyota,Corolla,Small car,30468,vehicles,carsguide_2019_top100,"Top-100 model list."
2019,Australia,4,Hyundai,i30,Small car,28378,vehicles,carsguide_2019_top100,"Top-100 model list."
2019,Australia,5,Mitsubishi,Triton,Ute,25819,vehicles,carsguide_2019_top100,"Top-100 model list."
2019,Australia,6,Mazda,CX-5,Midsize SUV,25539,vehicles,carsguide_2019_top100,"Top-100 model list."
2019,Australia,7,Mazda,3,Small car,24939,vehicles,carsguide_2019_top100,"Listed as Mazda3 in source."
2019,Australia,8,Toyota,RAV4,Midsize SUV,24260,vehicles,carsguide_2019_top100,"Top-100 model list."
2019,Australia,9,Kia,Cerato,Small car,21757,vehicles,carsguide_2019_top100,"Top-100 model list."
2019,Australia,10,Mitsubishi,ASX,Small SUV,20806,vehicles,carsguide_2019_top100,"Top-100 model list."
2019,Australia,11,Nissan,X-Trail,Midsize SUV,19726,vehicles,carsguide_2019_top100,"Top-100 model list."
2019,Australia,12,Toyota,Prado,Large SUV,18335,vehicles,carsguide_2019_top100,"Top-100 model list."
2019,Australia,13,Hyundai,Tucson,Midsize SUV,18251,vehicles,carsguide_2019_top100,"Top-100 model list."
2019,Australia,14,Mitsubishi,Outlander,Midsize SUV,17514,vehicles,carsguide_2019_top100,"Top-100 model list."
2019,Australia,15,Holden,Colorado,Ute,17472,vehicles,carsguide_2019_top100,"Top-100 model list."
2019,Australia,16,Isuzu,D-Max,Ute,16892,vehicles,carsguide_2019_top100,"Top-100 model list."
2019,Australia,17,Toyota,Camry,Midsize car,16768,vehicles,carsguide_2019_top100,"Top-100 model list."
2019,Australia,18,Subaru,Forester,Midsize SUV,15096,vehicles,carsguide_2019_top100,"Top-100 model list."
2019,Australia,19,Mazda,CX-3,Small SUV,14813,vehicles,carsguide_2019_top100,"Top-100 model list."
2019,Australia,20,Volkswagen,Golf,Small car,14355,vehicles,carsguide_2019_top100,"Top-100 model list."
2019,Australia,21,Honda,CR-V,Midsize SUV,13810,vehicles,carsguide_2019_top100,"Top-100 model list."
2019,Australia,22,Toyota,LandCruiser,Upper Large SUV,13802,vehicles,carsguide_2019_top100,"Listed as Toyota LandCruiser 200 Series in source."
2019,Australia,23,Kia,Sportage,Midsize SUV,13645,vehicles,carsguide_2019_top100,"Top-100 model list."
2019,Australia,24,Nissan,Navara,Ute,13412,vehicles,carsguide_2019_top100,"Top-100 model list."
2019,Australia,25,Hyundai,Kona,Small SUV,13342,vehicles,carsguide_2019_top100,"Top-100 model list."
2019,Australia,26,Honda,HR-V,Small SUV,11731,vehicles,carsguide_2019_top100,"Top-100 model list."
2019,Australia,27,Nissan,Qashqai,Small SUV,11653,vehicles,carsguide_2019_top100,"Top-100 model list."
2019,Australia,28,Toyota,Kluger,Large SUV,11371,vehicles,carsguide_2019_top100,"Top-100 model list."
2019,Australia,29,Mazda,BT-50,Ute,11357,vehicles,carsguide_2019_top100,"Top-100 model list."
2019,Australia,30,Honda,Civic,Small car,10531,vehicles,carsguide_2019_top100,"Top-100 model list."
2019,Australia,31,Subaru,XV,Small SUV,10062,vehicles,carsguide_2019_top100,"Top-100 model list."
2019,Australia,32,Hyundai,Accent,Light car,9963,vehicles,carsguide_2019_top100,"Top-100 model list."
2019,Australia,33,Toyota,Yaris,Light car,9853,vehicles,carsguide_2019_top100,"Top-100 model list."
2019,Australia,34,Toyota,C-HR,Small SUV,9378,vehicles,carsguide_2019_top100,"Top-100 model list."
2019,Australia,35,Toyota,LC70,Ute,9222,vehicles,carsguide_2019_top100,"Listed as Toyota LandCruiser 70 Series in source."
2019,Australia,36,Isuzu,MU-X,Large SUV,8419,vehicles,carsguide_2019_top100,"Top-100 model list."
2019,Australia,37,Volkswagen,Amarok,Ute,8371,vehicles,carsguide_2019_top100,"Top-100 model list."
2019,Australia,38,Mazda,2,Light car,8198,vehicles,carsguide_2019_top100,"Listed as Mazda2 in source."
2019,Australia,39,Volkswagen,Tiguan,Midsize SUV,7747,vehicles,carsguide_2019_top100,"Top-100 model list."
2019,Australia,40,Subaru,Outback,Large SUV,7210,vehicles,carsguide_2019_top100,"Top-100 model list."
2019,Australia,41,Mazda,CX-9,Large SUV,7168,vehicles,carsguide_2019_top100,"Top-100 model list."
2019,Australia,42,Mitsubishi,Eclipse Cross,Small SUV,6998,vehicles,carsguide_2019_top100,"Top-100 model list."
2019,Australia,43,Mercedes-Benz,C-Class,Midsize car,6798,vehicles,carsguide_2019_top100,"Top-100 model list."
2019,Australia,44,Suzuki,Swift,Light car,6676,vehicles,carsguide_2019_top100,"Top-100 model list."
2019,Australia,45,Kia,Carnival,People-mover,6493,vehicles,carsguide_2019_top100,"Top-100 model list."
2019,Australia,46,Mitsubishi,Pajero Sport,Large SUV,6477,vehicles,carsguide_2019_top100,"Top-100 model list."
2019,Australia,47,Kia,Rio,Light car,6270,vehicles,carsguide_2019_top100,"Top-100 model list."
2019,Australia,48,Toyota,HiAce,Van,6127,vehicles,carsguide_2019_top100,"Listed as Toyota HiAce Van in source."
2019,Australia,49,Holden,Commodore,Large car,5915,vehicles,carsguide_2019_top100,"Top-100 model list."
2019,Australia,50,Hyundai,Santa Fe,Large SUV,5857,vehicles,carsguide_2019_top100,"Top-100 model list."
2019,Australia,51,Mercedes-Benz,GLC,Midsize SUV,5770,vehicles,carsguide_2019_top100,"Top-100 model list."
2019,Australia,52,Volkswagen,Polo,Light car,5723,vehicles,carsguide_2019_top100,"Top-100 model list."
2019,Australia,53,Ford,Everest,Large SUV,5333,vehicles,carsguide_2019_top100,"Top-100 model list."
2019,Australia,54,Honda,Jazz,Light car,5263,vehicles,carsguide_2019_top100,"Top-100 model list."
2019,Australia,55,Suzuki,Vitara,Small SUV,5253,vehicles,carsguide_2019_top100,"Top-100 model list."
2019,Australia,56,Kia,Picanto,Micro car,5237,vehicles,carsguide_2019_top100,"Top-100 model list."
2019,Australia,57,Holden,Trax,Small SUV,4808,vehicles,carsguide_2019_top100,"Top-100 model list."
2019,Australia,58,Mercedes-Benz,A-Class,Small car,4689,vehicles,carsguide_2019_top100,"Top-100 model list."
2019,Australia,59,Volkswagen,Tiguan Allspace,Large SUV,4665,vehicles,carsguide_2019_top100,"Top-100 model list."
2019,Australia,60,BMW,X3,Midsize SUV,4583,vehicles,carsguide_2019_top100,"Top-100 model list."
2019,Australia,61,Holden,Equinox,Midsize SUV,4562,vehicles,carsguide_2019_top100,"Top-100 model list."
2019,Australia,62,Subaru,Impreza,Small car,4518,vehicles,carsguide_2019_top100,"Top-100 model list."
2019,Australia,63,Holden,Astra,Small car,4188,vehicles,carsguide_2019_top100,"Top-100 model list."
2019,Australia,64,Audi,Q5,Midsize SUV,4152,vehicles,carsguide_2019_top100,"Top-100 model list."
2019,Australia,65,MG,MG3,Light car,4017,vehicles,carsguide_2019_top100,"Top-100 model list."
2019,Australia,66,Ford,Mustang,Sports car,3948,vehicles,carsguide_2019_top100,"Top-100 model list."
2019,Australia,67,Hyundai,iLoad,Van,3919,vehicles,carsguide_2019_top100,"Top-100 model list."
2019,Australia,68,Kia,Sorento,Large SUV,3777,vehicles,carsguide_2019_top100,"Top-100 model list."
2019,Australia,69,MG,ZS,Small SUV,3729,vehicles,carsguide_2019_top100,"Top-100 model list."
2019,Australia,70,Ford,Focus,Small car,3682,vehicles,carsguide_2019_top100,"Top-100 model list."
2019,Australia,71,LDV,T60,Ute,3529,vehicles,carsguide_2019_top100,"Top-100 model list."
2019,Australia,72,BMW,X5,Large SUV,3498,vehicles,carsguide_2019_top100,"Top-100 model list."
2019,Australia,73,Lexus,NX,Midsize SUV,3471,vehicles,carsguide_2019_top100,"Top-100 model list."
2019,Australia,74,Volvo,XC60,Midsize SUV,3406,vehicles,carsguide_2019_top100,"Top-100 model list."
2019,Australia,75,Audi,A3,Small car,3362,vehicles,carsguide_2019_top100,"Top-100 model list."
2019,Australia,76,Ford,Escape,Midsize SUV,3326,vehicles,carsguide_2019_top100,"Top-100 model list."
2019,Australia,77,BMW,3 Series,Midsize car,3135,vehicles,carsguide_2019_top100,"Top-100 model list."
2019,Australia,78,Holden,Acadia,Large SUV,3125,vehicles,carsguide_2019_top100,"Top-100 model list."
2019,Australia,79,Toyota,Fortuner,Large SUV,3033,vehicles,carsguide_2019_top100,"Top-100 model list."
2019,Australia,80,Jeep,Grand Cherokee,Large SUV,2986,vehicles,carsguide_2019_top100,"Top-100 model list."
2019,Australia,81,Volvo,XC40,Small SUV,2858,vehicles,carsguide_2019_top100,"Top-100 model list."
2019,Australia,82,BMW,X1,Small SUV,2847,vehicles,carsguide_2019_top100,"Top-100 model list."
2019,Australia,83,Mitsubishi,Pajero,Large SUV,2847,vehicles,carsguide_2019_top100,"Top-100 model list."
2019,Australia,84,Holden,Trailblazer,Large SUV,2813,vehicles,carsguide_2019_top100,"Top-100 model list."
2019,Australia,85,Nissan,Pathfinder,Large SUV,2712,vehicles,carsguide_2019_top100,"Top-100 model list."
2019,Australia,86,Hyundai,Elantra,Small car,2644,vehicles,carsguide_2019_top100,"Top-100 model list."
2019,Australia,87,Mazda,6,Midsize car,2612,vehicles,carsguide_2019_top100,"Listed as Mazda6 in source."
2019,Australia,88,Ram,1500,Ute,2609,vehicles,carsguide_2019_top100,"Top-100 model list."
2019,Australia,89,Toyota,HiAce Commuter,Bus,2577,vehicles,carsguide_2019_top100,"Listed as Toyota HiAce Bus in source."
2019,Australia,90,Mercedes-Benz,GLA,Small SUV,2562,vehicles,carsguide_2019_top100,"Top-100 model list."
2019,Australia,91,Mazda,CX-8,Large SUV,2551,vehicles,carsguide_2019_top100,"Top-100 model list."
2019,Australia,92,Renault,Koleos,Midsize SUV,2533,vehicles,carsguide_2019_top100,"Top-100 model list."
2019,Australia,93,Mercedes-Benz,C-Class Coupe/Cabriolet,Midsize car,2496,vehicles,carsguide_2019_top100,"Top-100 model list."
2019,Australia,94,Suzuki,Baleno,Light car,2277,vehicles,carsguide_2019_top100,"Top-100 model list."
2019,Australia,95,BMW,1 Series,Small car,2269,vehicles,carsguide_2019_top100,"Top-100 model list."
2019,Australia,96,Range Rover,Sport,Large SUV,2202,vehicles,carsguide_2019_top100,"Top-100 model list."
2019,Australia,97,Mitsubishi,Lancer,Small car,2197,vehicles,carsguide_2019_top100,"Top-100 model list."
2019,Australia,98,Land Rover,Discovery Sport,Midsize SUV,2185,vehicles,carsguide_2019_top100,"Top-100 model list."
2019,Australia,99,Skoda,Kodiaq,Large SUV,2163,vehicles,carsguide_2019_top100,"Top-100 model list."
2019,Australia,100,Audi,Q2,Small SUV,2155,vehicles,carsguide_2019_top100,"Top-100 model list."
2025,Australia,1,Ford,Ranger,Ute,56555,vehicles,carexpert_2025_full,"Top-20 model list."
2025,Australia,2,Toyota,RAV4,Midsize SUV,51947,vehicles,carexpert_2025_full,"CarExpert notes RAV4 was hybrid in 2025."
2025,Australia,3,Toyota,Hilux,Ute,51297,vehicles,carexpert_2025_full,"Top-20 model list."
2025,Australia,4,Isuzu,D-Max,Ute,26839,vehicles,carexpert_2025_full,"Top-20 model list."
2025,Australia,5,Ford,Everest,Large SUV,26161,vehicles,carexpert_2025_full,"Top-20 model list."
2025,Australia,6,Toyota,Prado,Large SUV,26106,vehicles,carexpert_2025_full,"Top-20 model list."
2025,Australia,7,Hyundai,Kona,Small SUV,22769,vehicles,carexpert_2025_full,"Top-20 model list."
2025,Australia,8,Mazda,CX-5,Midsize SUV,22742,vehicles,carexpert_2025_full,"Top-20 model list."
2025,Australia,9,Mitsubishi,Outlander,Midsize SUV,22459,vehicles,carexpert_2025_full,"Top-20 model list."
2025,Australia,10,Tesla,Model Y,Midsize SUV,22239,vehicles,carexpert_2025_full,"Top-20 model list; best-selling EV."
2025,Australia,11,Chery,Tiggo 4,Small SUV,20149,vehicles,carexpert_2025_full,"Listed as Chery Tiggo 4 in CarExpert top models."
2025,Australia,12,Hyundai,Tucson,Midsize SUV,20145,vehicles,carexpert_2025_full,"Top-20 model list."
2025,Australia,13,MG,ZS,Small SUV,20000,vehicles,carexpert_2025_full,"Top-20 model list."
2025,Australia,14,GWM Haval,Jolion,Small SUV,19413,vehicles,carexpert_2025_full,"Top-20 model list."
2025,Australia,15,Kia,Sportage,Midsize SUV,19137,vehicles,carexpert_2025_full,"Top-20 model list."
2025,Australia,16,Toyota,Corolla,Small car,18968,vehicles,carexpert_2025_full,"Top-20 model list."
2025,Australia,17,Mitsubishi,Triton,Ute,18900,vehicles,carexpert_2025_full,"Top-20 model list."
2025,Australia,18,BYD,Shark 6,Ute,18073,vehicles,carexpert_2025_full,"Top-20 model list; PHEV ute."
2025,Australia,19,Nissan,X-Trail,Midsize SUV,15708,vehicles,carexpert_2025_full,"Top-20 model list."
2025,Australia,20,Isuzu,MU-X,Large SUV,15458,vehicles,carexpert_2025_full,"Top-20 model list."
2026-04,Australia,1,Toyota,RAV4,Midsize SUV,3729,vehicles,chasingcars_2026_apr,"April 2026 top model list."
2026-04,Australia,2,Ford,Ranger,Ute,3661,vehicles,chasingcars_2026_apr,"April 2026 top model list."
2026-04,Australia,3,Toyota,Hilux,Ute,2835,vehicles,chasingcars_2026_apr,"April 2026 top model list."
2026-04,Australia,4,Chery,Tiggo 4,Small SUV,2379,vehicles,chasingcars_2026_apr,"April 2026 top model list."
2026-04,Australia,5,Hyundai,Kona,Small SUV,2158,vehicles,chasingcars_2026_apr,"April 2026 top model list."
2026-04,Australia,6,Toyota,Prado,Large SUV,1870,vehicles,chasingcars_2026_apr,"April 2026 top model list."
2026-04,Australia,7,BYD,Sealion 7,Midsize SUV,1780,vehicles,chasingcars_2026_apr,"April 2026 top model list; BEV."
2026-04,Australia,8,GWM Haval,Jolion,Small SUV,1754,vehicles,chasingcars_2026_apr,"April 2026 top model list."
2026-04,Australia,9,Ford,Everest,Large SUV,1585,vehicles,chasingcars_2026_apr,"April 2026 top model list."
2026-04,Australia,10,Mitsubishi,Outlander,Midsize SUV,1540,vehicles,chasingcars_2026_apr,"April 2026 top model list."
2026-05,Australia,1,Tesla,Model Y,Midsize SUV,5605,vehicles,chasingcars_2026_may,"May 2026 top model list."
2026-05,Australia,2,Ford,Ranger,Ute,4474,vehicles,chasingcars_2026_may,"May 2026 top model list."
2026-05,Australia,3,Toyota,Hilux,Ute,4005,vehicles,chasingcars_2026_may,"May 2026 top model list."
2026-05,Australia,4,Toyota,RAV4,Midsize SUV,3865,vehicles,chasingcars_2026_may,"May 2026 top model list."
2026-05,Australia,5,Hyundai,Kona,Small SUV,2291,vehicles,chasingcars_2026_may,"May 2026 top model list."
2026-05,Australia,6,Hyundai,Tucson,Midsize SUV,2287,vehicles,chasingcars_2026_may,"May 2026 top model list."
2026-05,Australia,7,Jaecoo,J5,Small SUV,2171,vehicles,chasingcars_2026_may,"May 2026 top model list."
2026-05,Australia,8,Chery,Tiggo 4,Small SUV,2123,vehicles,chasingcars_2026_may,"May 2026 top model list."
2026-05,Australia,9,Isuzu,D-Max,Ute,1916,vehicles,chasingcars_2026_may,"May 2026 top model list."
2026-05,Australia,10,Ford,Everest,Large SUV,1876,vehicles,chasingcars_2026_may,"May 2026 top model list."
